system_name,discovery_date,ra_hrs,ra_mins,ra_secs,ra_coord,dec_degrees,dec_arcmin,dec_arcsec,dec_coord,lensgrade,number_images,theta_e,theta_e_err,z_lens,z_lens_err,z_source,z_source_err,vdisp,vdisp_err
SDSSJ0008-0004,2008-08-01,00,08,2.96,2.01231,-00,04,8.26,-0.06896,A,3,1.16,0.02,0.4400,0.0001,1.192,0.001,232,39
ACSJ001423.02-302109.8,2012-06-15,00,14,23.02,3.595917,-30,21,09.8,-30.352722,B,1,1.52,0.01,NaN,NaN,NaN,NaN,NaN,NaN
ACSJ001426.26-302255.9,2012-06-15,00,14,26.26,3.609417,-30,22,55.9,-30.382194,A,1,1.00,0.01,NaN,NaN,NaN,NaN,NaN,NaN
CSWA34,2009-01-01,00,17,1.54,4.25642966,-10,09,11.12,-10.15308799,,2,NaN,NaN,0.5,0.1,NaN,NaN,NaN,NaN
MACSJ0018.5+1626,2010-06-01,0,18,33.6,4.640006777,+16,26,16.29,+16.4378587777,A,0,24,2,0.545,NaN,NaN,NaN,NaN,NaN
CSWA21,2007-06-00,00,22,40.92,5.67049154,+14,31,10.43,14.51956525,A,4,2.91,0.14,0.38,0.01,2.73,0.01,397,55
MACSJ002523.4-121942,2008-11-01,00,25,23.4,6.3479305559,-12,19,42,-12.3286802225,A,2,NaN,NaN,0.582,0.001,2.047,0.001,NaN,NaN
MACSJ0025.4-1222,2008-11-01,00,25,29.381,6.372421,-12,22,37.06,-12.376961,A,0,30,2,0.584,NaN,NaN,NaN,740,100
CL0024+1654,1995-12-01,00,26,35,6.645833,+17,09,43,+17.161944,A,0,NaN,NaN,0.39,NaN,NaN,NaN,NaN,NaN
SDSSJ0029-0055,2008-08-01,00,29,7.78,7.28240,-00,55,50.56,-0.93071,A,2,0.96,0.02,0.22704,0.00005,0.9313,0.0001,202,18
SDSSJ002927.38+254401.7,2016-04-07,00,29,27.3883,7.364118,+25,44,01.7862,+25.73383,A,2,1.34,NaN,0.5869,NaN,2.4504,NaN,241,45
Abell68,2007-06-01,00,37,06.475,9.271704,+09,09,32.28,9.163992,A,8,7.5,0.5,0.2546,NaN,1.265,.001,NaN,NaN
SDSSJ0037-0942,2006-02-00,00,37,53.21,9.4705016657,-09,42,20.12,-9.7045899992,A,2,1.53,0.01,0.19545,0.00003,0.632,0.001,274,10
SDSSJ0044+0113,2008-08-00,00,44,2.9,11.01208,+01,13,12.65,+1.22018,A,2,0.79,0.01,0.11958,0.00003,0.197,0.001,254,12
Q0047-2808,1996-01-01,00,49,41.96,12.4247466667,-27,52,25.000,-27.874019722,A,4,1.34,0.01,0.485,NaN,3.595,NaN,219,12
HE0047-1756,2004-05-01,00,50,27.72,12.6155,-17,40,08,-17.66889,A,2,0.751,0.002,0.407,0.001,1.67,0.01,NaN,NaN
ACSJ005656.81-273841.0,2012-06-15,00,56,56.81,14.236708,-27,38,41.0,-27.644722,B,1,0.93,0.01,NaN,NaN,NaN,NaN,NaN,NaN
SDSSJ0058-0722,2013-12-00,00,58,47.96,14.699833,-07,21,58.1,-7.366139,,3,NaN,NaN,0.639,0.001,1.873,0.001,NaN,NaN
SPT0103-45,2013-03-21,01,03,11.50,15.797917,-45,38,53.90,-44.351694,A,2,NaN,NaN,NaN,NaN,3.0917,0.0001,NaN,NaN
SDSSJ0105+0145,2013-12-00,01,05,19.89,16.332875,+01,44,59.1,+1.74975,,1,3.5,0.1,0.361,0.001,2.127,0.001,NaN,NaN
ACSJ010559.53-254438.0,2012-06-15,01,05,59.53,16.498042,-25,44,38.0,-25.743889,B,1,0.88,0.01,NaN,NaN,NaN,NaN,NaN,NaN
SDSSJ0109+1500,2008-08-00,01,09,33.73,17.39054,+15,00,32.51,+15.00903,A,1,0.69,0.01,0.29388,0.00006,0.525,0.001,243,18
ACSJ011018.22+193819.5,2012-06-15,01,10,18.22,17.575917,+19,38,19.5,+19.63875,A,1,3.10,0.01,NaN,NaN,NaN,NaN,NaN,NaN
SDSSJ011300.57+025046.2,2016-04-07,01,13,00.5750,18.252396,+02,50,46.2048,+2.846168,A,1,1.24,NaN,0.6230,NaN,2.6088,NaN,850,-1
SPT0113-46,2013-03-21,01,13,9.01,18.287542,-46,17,56.30,-45.701028,A,3,NaN,NaN,NaN,NaN,4.2328,0.0001,NaN,NaN
HSTJ01247+0352,1999-05-01,01,24,44,21.18333,+03,52,00,+3.86667,C,4,NaN,NaN,NaN,NaN,NaN,NaN,NaN,NaN
HSTJ01248+0351,1999-05-01,01,24,45,21.1875,+03,51,06,+3.85167,C,2,NaN,NaN,NaN,NaN,NaN,NaN,NaN,NaN
SPT0125-47,2013-03-21,01,25,7.08,21.279500,-47,23,56.00,-46.601111,A,2,NaN,NaN,NaN,NaN,2.5148,0.001,NaN,NaN
SPT0125-50,2013-03-21,01,25,48.45,21.451875,-50,38,20.90,-49.360861,A,0,NaN,NaN,NaN,NaN,3.955,0.001,NaN,NaN
B0128+437,2000-12-01,01,31,13,22.80417,+43,58,13.14,+43.97032,A,4,1.3,0.3,NaN,NaN,3.124,0.0042,NaN,NaN
PMNJ0134-0931,2002-01-01,01,34,35,23.64583,-09,31,02.000,-9.51722,A,5,2.29,0.01,0.77,0.01,2.216,0.001,NaN,NaN
SDSSJ0143+1607,2013-12-00,01,43,50.25,25.959375,+16,07,41.0,+16.128056,,2,2.7,0.1,0.415,0.001,1.499,0.001,NaN,NaN
SDSSJ0145-0455,2013-12-00,01,45,04.29,26.267875,-04,55,51.6,-4.931,,1,1.9,0.1,0.633,0.001,1.958,0.001,NaN,NaN
Q0142-100,1987-10-01,01,45,16.72,26.31967,-09,45,20.59,-9.75572,A,2,2.84,0.01,0.49,0.01,2.719,0.001,NaN,NaN
CSWA22,2007-05-01,01,46,56.01,26.73337065,-09,29,52.49,-9.49791496,A,3,NaN,NaN,0.44,0.01,1.944,0.001,NaN,NaN
SDSSJ0151+0049,2011-12-15,01,51,7.37,27.78072,+00,49,8.98,+0.81916,A,2,0.676,0.001,0.5171,0.0002,1.364,0.001,219,39
SDSSJ0157-0056,2008-08-00,01,57,58.94,29.49557,-00,56,26.09,-0.94058,A,3,0.79,0.01,0.92428,0.00010,0.924,0.001,NaN,NaN
QJ0158-4325,1999-10-01,01,58,41.43,29.6726246,-43,25,3.5,-43.4176407,A,2,0.66,0.01,0.317,0.001,1.294,0.008,NaN,NaN
SDSSJ020121.39+322829.6,2016-04-07,02,01,21.3954,30.339148,+32,28,29.6649,+32.474907,A,2,1.7,NaN,0.3957,NaN,2.8209,NaN,256,20
SL2SJ020122-091515,2011-09-08,02,01,21.89,30.341207,-09,15,15.09,-9.2541913,C,1,NaN,NaN,0.46,0.02,NaN,NaN,NaN,NaN
SL2SJ020210-110912,2011-09-08,02,02,10.50,30.543750,-11,09,11.68,-11.1532440,A,0,5.0,NaN,0.48,0.02,NaN,NaN,NaN,NaN
SL2SJ020239-063456,2011-09-08,02,02,38.87,30.661958,-06,34,56.12,-6.5822553,C,1,2.2,0.1,0.37,0.03,NaN,NaN,NaN,NaN
SL2SJ020303-082114,2011-09-08,02,03,2.84,30.761833,-08,21,14.25,-8.3539581,C,0,2.4,NaN,0.14,0.07,NaN,NaN,NaN,NaN
SL2SJ020313-104708,2011-09-08,02,03,12.61,30.802541,-10,47,7.95,-10.7855415,C,0,3.0,NaN,0.62,0.03,NaN,NaN,NaN,NaN
SL2SJ020320-073451,2011-09-08,02,03,20.43,30.835124,-07,34,50.78,-7.5807723,B,0,5.0,NaN,0.59,0.03,NaN,NaN,NaN,NaN
SL2SJ020350-094254,2011-09-08,02,03,49.98,30.958250,-09,42,53.51,-9.7148637,B,0,5.0,NaN,0.25,0.02,NaN,NaN,NaN,NaN
SL2SJ020455-102402,2011-09-08,02,04,54.51,31.227125,-10,24,2.48,-10.4006891,B,0,10.8,NaN,0.33,0.02,NaN,NaN,NaN,NaN
SL2SJ020503-110547,2011-09-08,02,05,3.15,31.263124,-11,05,46.63,-11.0962858,B,2,3.3,0.1,0.62,0.03,NaN,NaN,NaN,NaN
SL2SJ020648-065701,2011-09-08,02,06,48.47,31.701957,-06,57,1.33,-6.9503693,B,1,3.2,NaN,0.49,0.06,NaN,NaN,NaN,NaN
SL2SJ020816-072458,2011-09-08,02,08,15.66,32.065250,-07,24,57.81,-7.4160585,C,0,4.3,NaN,0.62,0.02,NaN,NaN,NaN,NaN
SL2SJ020817-093653,2011-09-08,02,08,16.87,32.070293,-09,36,52.69,-9.6146364,A,0,3.4,NaN,0.74,0.03,NaN,NaN,NaN,NaN
SL2SJ020833-071414,2013-00-00,02,08,33.10,32.137917,-07,14,14.0,-7.237222,B,2,2.66,0.13,0.428,0.001,NaN,NaN,300,27
SL2SJ020842-070128,2011-09-08,02,08,41.61,32.173374,-07,01,28.07,-7.0244636,C,0,3.5,NaN,0.29,0.03,NaN,NaN,NaN,NaN
SL2SJ020929-064311,2011-09-08,02,09,29.33,32.372207,-06,43,11.26,-6.7197942,A,0,3.2,NaN,0.45,0.02,NaN,NaN,NaN,NaN
SL2SJ020958-035457,2011-09-08,02,09,57.67,32.490291,-03,54,57.08,-3.9158556,C,0,3.9,NaN,0.43,0.03,NaN,NaN,NaN,NaN
SL2SJ021027-044642,2011-09-08,02,10,26.57,32.610710,-04,46,41.59,-4.7782192,C,2,NaN,NaN,0.55,0.03,NaN,NaN,NaN,NaN
SL2SJ021052-035253,2011-09-08,02,10,51.59,32.714958,-03,52,52.64,-3.8812890,C,2,NaN,NaN,0.73,0.04,NaN,NaN,NaN,NaN
SL2SJ021109-101214,2011-09-08,02,11,8.66,32.786083,-10,12,13.86,-10.2038497,C,0,2.0,NaN,0.38,0.02,NaN,NaN,NaN,NaN
SL2SJ021118-042729,2011-09-08,02,11,18.49,32.827041,-04,27,29.20,-4.4581112,B,0,3.5,NaN,1.19,0.07,NaN,NaN,NaN,NaN
SL2SJ021206-075528,2013-00-00,02,12,06.55,33.027292,-07,55,28.2,-7.9245,B,1,1.24,0.04,0.460,0.001,NaN,NaN,261,25
SL2SJ021221-093844,2011-09-08,02,12,20.52,33.085498,-09,38,44.10,-9.6455831,C,0,2.4,NaN,0.77,0.03,NaN,NaN,NaN,NaN
SL2SJ021247-055552,2013-07-01,02,12,47.83,33.199292,-05,55,52.2,-5.931167,A,3,1.27,0.04,0.750,0.001,2.74,0.01,267,17
SL2SJ021325-074355,2011-09-08,02,13,24.52,33.352165,-07,43,54.82,-7.7318944,A,2,2.39,0.07,0.717,0.001,3.48,0.01,287,33
SL2SJ021408-053532,2006-06-12,02,14,8.07,33.533626,-05,35,32.39,-5.5923304,A,0,7.1,NaN,0.48,0.02,NaN,NaN,NaN,NaN
SL2SJ021411-040502,2010-08-18,02,14,11.21,33.5467033,-04,05,2.78,-4.0841055,A,2,1.41,0.04,0.609,0.001,1.880,0.001,289,16
SL2SJ021523-073624,2011-09-08,02,15,23.03,33.845958,-07,36,23.56,-7.6065444,B,0,3.7,NaN,1.05,0.02,NaN,NaN,NaN,NaN
SL2SJ021552-072101,2011-09-08,02,15,52.36,33.968166,-07,21,1.32,-7.3503665,C,2,NaN,NaN,0.48,0.02,NaN,NaN,NaN,NaN
SL2SJ021605-093507,2011-09-08,02,16,4.66,34.019416,-09,35,6.65,-9.5851802,B,0,16.4,NaN,0.69,0.02,NaN,NaN,NaN,NaN
SL2SJ021624-095739,2011-09-08,02,16,24.03,34.100124,-09,57,39.09,-9.9608583,B,0,2.8,NaN,0.160,0.001,NaN,NaN,NaN,NaN
SL2SJ021631-073157,2011-09-08,02,16,31.19,34.129959,-07,31,57.13,-7.5325360,C,0,2.4,NaN,0.86,0.04,NaN,NaN,NaN,NaN
ACSJ021634.62-051035.3,2012-06-15,02,16,34.62,34.14425,-05,10,35.3,-5.176472,B,1,1.69,0.01,NaN,NaN,NaN,NaN,NaN,NaN
SL2SJ021647-091817,2011-09-08,02,16,46.84,34.195167,-09,18,16.74,-9.3046503,C,0,2.4,NaN,0.72,0.03,NaN,NaN,NaN,NaN
SL2SJ021649-070324,2011-09-08,02,16,49.25,34.205207,-07,03,23.80,-7.0566110,A,0,5.6,NaN,0.45,0.02,NaN,NaN,NaN,NaN
SDSSJ0216-0813,2006-02-00,02,16,52.54,34.21893,-08,13,45.37,-8.22927,A,3,1.16,0.01,0.33165,0.00007,0.523,0.001,332,24
SL2SJ021724-101550,2011-09-08,02,17,23.76,34.348999,-10,15,50.30,-10.2639722,C,0,3.2,NaN,0.27,0.02,NaN,NaN,NaN,NaN
SL2SJ021737-051329,2009-02-27,02,17,37.18,34.4049225,-05,13,29.36,-5.2248211,A,2,1.27,0.06,0.646,0.001,1.847,0.001,257,26
SL2SJ021740-103320,2011-09-08,02,17,39.56,34.414833,-10,33,19.93,-10.5555362,C,2,NaN,NaN,1.05,0.05,NaN,NaN,NaN,NaN
SL2SJ021801-080247,2013-07-01,02,18,01.26,34.50525,-08,02,47.5,-8.046528,B,1,1.00,0.03,NaN,NaN,2.06,0.01,NaN,NaN
SL2SJ021807-051536,2011-09-08,02,18,7.29,34.530376,-05,15,36.16,-5.2600445,A,0,2.4,NaN,0.42,0.03,NaN,NaN,NaN,NaN
SL2SJ021814-100602,2011-09-08,02,18,14.39,34.559959,-10,06,2.30,-10.1006393,C,0,2.8,NaN,0.46,0.03,NaN,NaN,NaN,NaN
SL2SJ021902-082934,2010-08-18,02,19,2.15,34.7589417,-08,29,34.77,-8.4929924,A,2,1.30,0.04,0.3898,0.001,2.15,0.01,300,23
SL2SJ021910-040143,2011-09-08,02,19,9.86,34.791084,-04,01,43.32,-4.0286998,C,0,4.3,NaN,0.45,0.02,NaN,NaN,NaN,NaN
SL2SJ021956-052759,2011-09-08,02,19,56.42,34.985084,-05,27,59.21,-5.4664473,B,0,3.0,NaN,0.35,0.04,NaN,NaN,NaN,NaN
SL2SJ022043-105216,2011-09-08,02,20,43.11,35.179626,-10,52,16.45,-10.8712358,B,0,2.2,NaN,0.79,0.03,NaN,NaN,NaN,NaN
SL2SJ022046-094927,2013-07-01,02,20,46.05,35.191875,-09,49,27.8,-9.824389,B,1,1.00,0.03,0.572,0.001,NaN,NaN,NaN,NaN
SL2SJ022056-074312,2011-09-08,02,20,56.43,35.235126,-07,43,11.71,-7.7199196,C,0,2.4,NaN,0.71,0.03,NaN,NaN,NaN,NaN
SL2SJ022056-063934,2010-08-18,02,20,56.59,35.2357979,-06,39,34.29,-6.6595254,B,0,1.19,0.04,0.330,0.001,NaN,NaN,242,28
B0218+357,1993-08-01,02,21,05,35.27083,+35,56,13.78,+35.93716,A,2,0.334,0.001,0.68466,0.00001,0.944,0.001,NaN,NaN
SL2SJ022151-064733,2011-09-08,02,21,51.18,35.463249,-06,47,32.66,-6.7924056,A,0,5.2,NaN,0.72,0.03,NaN,NaN,NaN,NaN
SL2SJ022315-062906,2011-09-08,02,23,15.41,35.814208,-06,29,6.40,-6.4851112,B,1,1.9,0.1,0.55,0.06,NaN,NaN,NaN,NaN
SL2SJ022318-105849,2011-09-08,02,23,18.33,35.826374,-10,58,48.46,-10.9801273,C,0,6.1,NaN,0.52,0.04,NaN,NaN,NaN,NaN
SL2SJ022346-053418,2013-07-01,02,23,46.14,35.94225,-05,34,18.4,-5.571778,B,1,1.22,0.11,0.499,0.001,1.44,0.01,NaN,NaN
SL2SJ022357-065142,2013-07-01,02,23,57.94,35.991417,-06,51,42.6,-6.861833,A,3,1.36,0.04,0.473,0.001,NaN,NaN,NaN,NaN
SL2SJ022401-034626,2011-09-08,02,24,0.92,36.003833,-03,46,25.83,-3.7738416,B,0,2.6,NaN,0.98,0.05,NaN,NaN,NaN,NaN
SL2SJ022405-044707,2011-09-08,02,24,5.01,36.020874,-04,47,7.00,-4.7852778,C,0,4.3,NaN,0.36,0.04,NaN,NaN,NaN,NaN
SL2SJ022435-040158,2011-09-08,02,24,34.96,36.145668,-04,11,35.02,-4.1930608,B,0,1.9,NaN,0.68,0.04,NaN,NaN,NaN,NaN
SL2SJ022435-041135,2011-09-08,02,24,35.26,36.146915,-04,01,57.86,-4.0327386,C,0,3.5,NaN,1.13,0.07,NaN,NaN,NaN,NaN
SL2SJ022439-040045,2011-09-08,02,24,39.06,36.162750,-04,00,45.16,-4.0125446,B,0,3.2,NaN,0.43,0.05,NaN,NaN,NaN,NaN
SL2SJ022459-040104,2011-09-08,02,24,59.25,36.246875,-04,01,3.77,-4.0177140,B,1,1.9,0.1,0.80,0.04,NaN,NaN,NaN,NaN
SL2SJ022511-045433,2010-08-18,02,25,11.04,36.296005,-04,54,33.48,-4.9092998,A,0,1.77,0.09,0.2380,0.001,1.199,0.001,241,12
SL2SJ022539-040320,2011-09-08,02,25,38.74,36.411415,-04,03,20.36,-4.0556554,C,0,4.3,NaN,0.62,0.06,NaN,NaN,NaN,NaN
SL2SJ022546-073739,2011-09-08,02,25,46.13,36.442207,-07,37,38.52,-7.6273665,A,0,5.8,0.1,0.511,0.001,NaN,NaN,NaN,NaN
SL2SJ022607-042726,2011-09-08,02,26,7.15,36.529792,-04,27,26.26,-4.4572944,C,0,3.7,NaN,0.17,0.05,NaN,NaN,NaN,NaN
SL2SJ022610-042011,2010-08-18,02,26,10.67,36.54445,-04,20,11.59,-4.3365526,A,2,1.19,0.04,0.4943,0.001,1.232,0.001,266,21
SL2SJ022648-040610,2010-08-18,02,26,48.37,36.701555,-04,06,10.28,-4.1028567,A,2,1.29,0.04,0.7663,0.001,NaN,NaN,NaN,NaN
SL2SJ022648-090421,2010-08-18,02,26,48.56,36.702329,-09,04,21.28,-9.0725791,A,2,1.56,0.04,0.4563,0.001,NaN,NaN,301,18
SL2SJ022720-074920,2011-09-08,02,27,20.22,36.834251,-07,49,20.19,-7.8222751,C,0,2.1,NaN,0.53,0.03,NaN,NaN,NaN,NaN
SL2SJ022759-090730,2011-09-08,02,27,59.21,36.996707,-09,07,29.86,-9.1249608,C,0,3.9,NaN,0.55,0.03,NaN,NaN,NaN,NaN
SL2SJ022832-094945,2011-09-08,02,28,32.05,37.133541,-09,49,45.44,-9.8292884,B,0,6.3,NaN,0.45,0.02,NaN,NaN,NaN,NaN
SL2SJ022917-055406,2011-09-08,02,29,17.36,37.322334,-05,54,5.54,-5.9015388,B,1,2.6,0.1,0.38,0.03,NaN,NaN,NaN,NaN
SL2SJ023040-035028,2011-09-08,02,30,39.96,37.666500,-03,50,28.06,-3.8411278,C,0,2.1,NaN,0.27,0.02,NaN,NaN,NaN,NaN
SL2SJ023106-055505,2011-09-08,02,31,6.46,37.776916,-05,55,4.63,-5.9179530,C,1,NaN,NaN,0.52,0.03,NaN,NaN,NaN,NaN
SL2SJ023224-085038,2011-09-08,02,32,23.77,38.099040,-08,50,38.37,-8.8439912,C,0,2.6,NaN,0.46,0.04,NaN,NaN,NaN,NaN
HE0230-2130,1999-08-01,02,32,33.72,38.1405,-21,17,26.000,-21.29056,A,4,1.02,NaN,0.526,NaN,2.162,NaN,NaN,NaN
SDSSJ0232-0323,2013-12-00,02,32,49.87,38.207792,-03,23,26.0,-3.390556,,2,3.7,0.1,0.450,0.001,2.518,0.001,NaN,NaN
SL2SJ023251-040823,2010-08-18,02,32,51.57,38.21486,-04,08,23.79,-4.139942,A,2,1.04,0.03,0.352,0.001,2.344,0.001,264,17
SL2SJ023307-043838,2011-09-08,02,33,7.05,38.279373,-04,38,38.21,-4.6439471,C,0,1.9,NaN,0.79,0.03,NaN,NaN,NaN,NaN
SL2SJ023502-095833,2011-09-08,02,35,1.61,38.756710,-09,58,32.76,-9.9757671,B,0,4.7,NaN,0.70,0.03,NaN,NaN,NaN,NaN
SDSSJ023740.63-064112.9,2016-04-07,02,37,40.6393,39.41933,-06,41,12.9900,-6.686942,A,2,0.65,NaN,0.4859,NaN,2.2491,NaN,290,89
WFC3J023924.56-013600.82,2012-06-15,02,39,24.56,39.852333,-01,36,00.82,-1.600228,B,1,0.91,0.01,NaN,NaN,NaN,NaN,NaN,NaN
Abell370,1988-02-01,02,39,53.169,39.971538,-01,34,36.96,-1.576933,A,9,39,2,0.3747,.001,.725,.001,1367,310
SPT0243-49,2013-03-21,02,43,8.81,40.786708,-49,15,35.00,-48.740278,A,1,NaN,NaN,NaN,NaN,5.699,0.001,NaN,NaN
SDSSJ0246-0825,2005-11-01,02,46,34.09,41.64207561,-08,25,36.1,-8.42670704,A,2,0.525,NaN,0.723,NaN,1.6859,0.0001,NaN,NaN
SDSSJ0252+0039,2008-08-00,02,52,45.21,43.18838,+00,39,58.36,+0.66621,A,3,1.04,0.01,0.28030,0.00004,0.982,0.001,172,11
MACSJ0257.1-2325,2010-06-01,02,57,09.151,44.288129,-23,26,05.83,-23.434953,A,0,39,2,0.505,NaN,NaN,NaN,920,250
SPT0300-46,2013-03-21,03,00,4.37,45.018208,-46,21,24.30,-45.643250,A,0,NaN,NaN,NaN,NaN,NaN,NaN,NaN,NaN
CFRS03.1077,2002-05-01,03,02,30,45.6268472237,+00,06,02.1,0.1019550011,A,2,1.05,0.01,0.938,0.001,2.941,0.001,387,5
SDSSJ0330-0020,2008-08-00,03,30,12.12,52.55052,-00,20,51.9,-0.34775,A,2,1.10,0.01,0.35071,0.00008,1.071,0.001,242,30
WFC3J033227.44-275520.42,2012-06-15,03,32,27.44,53.114333,-27,55,20.42,-27.922339,A,1,1.83,0.01,NaN,NaN,NaN,NaN,NaN,NaN
J033238-275653,2003-12-19,03,32,38.21,53.159208,-27,56,53.2,-27.948111,A,2,1.2,0.1,0.6174,0.0003,2.4,0.3,NaN,NaN
WFC3J033245.17-274940.46,2012-06-15,03,32,45.17,53.188208,-27,49,40.46,-27.827906,A,1,1.71,0.01,NaN,NaN,NaN,NaN,NaN,NaN
SPT0345-47,2013-03-21,03,45,10.77,56.294875,-47,25,39.50,-46.572361,A,0,NaN,NaN,NaN,NaN,4.2958,NaN,NaN,NaN
SPT0346-52,2013-03-21,03,46,41.13,56.671375,-52,05,2.10,-51.916083,A,2,1.124,0.004,NaN,NaN,5.6559,NaN,NaN,NaN
FOR-J0332-3557,2005-06-00,03,52,59.94,58.24975,-35,57,51.7,-35.964361,A,0,1.48,0.02,0.986,0.003,3.773,0.003,NaN,NaN
SDSSJ0405-0455,2008-08-00,04,05,35.41,61.39756,-04,55,52.39,-4.93122,A,1,0.80,0.01,0.07527,0.00002,0.81,0.01,169,7
MG0414+0534,1989-01-01,04,14,37,63.65417,+05,34,44.3,+5.57897,A,4,2.04,0.01,0.96,0.01,2.64,0.01,NaN,NaN
SPT0418-47,2013-03-21,04,18,39.67,64.665292,-47,51,52.70,-46.135361,A,2,1.39,0.012,NaN,NaN,4.2248,NaN,NaN,NaN
HE0435-1223,2002-07-01,04,38,14.76,69.5615,-12,17,14.000,-12.28722,A,4,1.21,NaN,0.454,NaN,1.689,NaN,NaN,NaN
SPT0441-47,2013-03-21,04,41,44.08,70.433667,-46,05,25.50,-45.909583,A,0,NaN,NaN,NaN,NaN,4.4771,NaN,NaN,NaN
B0445+123,2003-02-01,04,48,21,72.0875,+12,27,55.41,+12.46539,B,2,3.0,0.1,0.5583,0003,NaN,NaN,NaN,NaN
SPT0452-50,2013-03-21,04,52,45.83,73.190958,-50,18,42.20,-49.688278,A,0,NaN,NaN,NaN,NaN,2.0104,NaN,NaN,NaN
MACSJ0454.1-0300,2005-02-01,04,54,11.125,73.546354,-03,00,53.77,-3.014936,A,0,13,2,0.538,NaN,NaN,NaN,1250,180
SPT0459-58,2013-03-21,04,58,59.80,74.749167,-58,05,14.00,-57.912778,A,0,NaN,NaN,NaN,NaN,NaN,NaN,NaN,NaN
SPT0459-59,2013-03-21,04,59,12.34,74.801417,-59,42,20.20,-58.294389,A,0,NaN,NaN,NaN,NaN,4.7993,NaN,NaN,NaN
SPT0512-59,2013-03-21,05,12,57.98,78.241583,-59,35,41.90,-58.405028,A,0,NaN,NaN,NaN,NaN,NaN,NaN,NaN,NaN
HE0512-3329,2003-07-01,05,14,10,78.5450380534,-33,26,22.000,-33.439266389,A,2,0.322,0.001,0.93,0.01,1.58,0.01,NaN,NaN
SPT0529-54,2013-03-21,05,29,3.09,82.262875,-54,36,40.00,-53.388889,A,2,1.536,0.017,NaN,NaN,3.3689,NaN,NaN,NaN
SPT0532-50,2013-03-21,05,32,51.04,83.212667,-50,47,7.50,-49.214583,A,0,NaN,NaN,NaN,NaN,3.3988,NaN,NaN,NaN
SPT0538-50,2013-03-21,05,38,16.80,84.570000,-50,30,52.00,-49.485556,A,3,1.987,0.009,0.404,NaN,2.782,NaN,NaN,NaN
SPT0550-53,2013-03-21,05,50,0.56,87.502333,-53,56,41.70,-52.055083,A,0,NaN,NaN,NaN,NaN,NaN,NaN,NaN,NaN
SPT0551-50,2013-03-21,05,51,39.42,87.914250,-50,58,2.10,-49.032750,A,0,NaN,NaN,NaN,NaN,2.1232,NaN,NaN,NaN
B0631+519,2005-07-01,06,35,12,98.8,+51,57,01.8,51.9505,A,2,2.8,0.1,0.6196,0.0004,NaN,NaN,NaN,NaN
MACSJ0647.7+7015,2010-06-01,06,47,50.469,101.960288,+70,14,54.95,70.248597,A,0,28,2,0.591,NaN,NaN,NaN,900,180
1E0657-56,1995-05-01,06,58,37.9,104.65792,-55,57,00.00,-55.95,A,0,35,NaN,0.296,NaN,3.24,NaN,NaN,NaN
B0712+472,1998-02-01,07,16,03,109.014277779,+47,08,50.0,47.1471088888,A,4,0.73,0.01,0.4060,0.001,1.339,0.001,NaN,NaN
MACSJ0717.5+3745,2009-07-01,07,17,30.927,109.378863,+37,45,29.74,+37.758261,A,0,55,5,0.546,NaN,2.963,NaN,NaN,NaN
SDSSJ0728+3835,2009-11-01,07,28,4.95,112.02062,+38,35,25.76,+38.59049,A,3,1.25,0.01,0.20576,0.00003,0.688,0.001,214,11
SDSSJ0737+3216,2006-02-00,07,37,28.45,114.36855,+32,16,18.59,+32.27183,A,3,1.00,0.01,0.32234,0.00004,0.581,0.001,301,16
HSTJ073736.40+321540.3,2009-05-01,07,37,36.40,114.401667,+32,15,40.3,+32.261194,A,4,0.65,0.03,0.34,0.03,0.48,0.03,NaN,NaN
SDSSJ074249.68+334148.9,2016-04-07,07,42,49.6857,115.707024,+33,41,48.9890,+33.696941,A,2,1.22,NaN,0.4936,NaN,2.3633,NaN,218,28
B0739+366,2001-02-01,07,42,51,115.7125,+36,34,43.7,+36.57881,A,2,0.27,0.01,NaN,NaN,NaN,NaN,135.1,3.4
SDSSJ0743+2457,2012-01-01,07,43,52.61,115.96924486,+24,57,43.6,24.96212419,A,2,0.52,NaN,0.381,NaN,2.165,0.002,NaN,NaN
MACSJ0744.8+3927,2010-06-01,07,44,52.470,116.219618058,+39,27,27.34,39.4573953884,A,0,31,2,0.698,NaN,NaN,NaN,1110,150
SDSSJ0746+4403,2007-01-01,07,46,53.04,116.72101467,+44,03,51.3,+44.06427463,A,2,0.55,0.01,0.513,NaN,2.0024,0.0005,NaN,NaN
SDSSJ0747+5055,2011-12-15,07,47,24.12,116.85052,+50,55,37.49,+50.92708,A,2,0.754,0.001,0.4384,0.0002,0.898,0.001,328,60
SDSSJ0747+4448,2011-12-15,07,47,34.75,116.89480,+44,48,59.33,+44.81648,A,4,0.610,0.001,0.4366,0.0001,0.897,0.001,281,52
MG0751+2716,1993-12-01,07,51,41,117.92083,+27,16,31.35,+27.27538,A,4,NaN,NaN,0.35068,0.00009,3.200,0.001,199,28
SDSSJ075523.52+344539.5,2016-04-07,07,55,23.5254,118.848023,+34,45,39.5920,+34.760998,A,4,2.05,NaN,0.7224,NaN,2.6347,NaN,272,52
SDSSJ0800+0812,2009-01-01,08,00,13.06,120.054417,+08,12,8.37,+8.202325,,3,NaN,NaN,0.314,0.001,1.408,0.001,NaN,NaN
SDSSJ0801+4727,2011-12-15,08,01,5.3,120.27208,+47,27,49.54,+47.46376,A,2,0.491,0.001,0.4831,0.0001,1.518,0.001,98,24
SDSSJ0806+2006,2006-04-01,08,06,23.70,121.59877069,+20,06,31.9,+20.10884795,A,2,0.76,NaN,0.573,NaN,1.5373,0.0003,NaN,NaN
SDSSJ0807+4410,2013-12-00,08,07,31.51,121.881292,+44,10,48.5,+44.180139,,1,2.1,0.1,0.449,0.001,2.536,0.001,NaN,NaN
SDSSJ0808+4706,2008-08-00,08,08,58.78,122.24493,+47,06,38.84,+47.11079,A,2,NaN,NaN,0.21946,0.00003,1.025,0.001,227,11
HS0810+2554,2002-01-01,08,13,31.25,123.3802,+25,45,3.24,+25.7509,A,4,1.97,0.01,0.89,0.01,1.50987,0.00010,NaN,NaN
SDSSJ0819+4534,2006-02-00,08,19,31.93,124.88305,+45,34,44.83,+45.57912,A,2,NaN,NaN,0.19432,0.00005,0.446,0.001,206,14
SDSSJ0819+5356,2009-05-01,08,19,59.80,124.99920094,+53,56,24.2,+53.94005893,A,2,2.057,NaN,0.29364,0.00005,2.239,0.002,274,16
SDSSJ0820+4847,2011-04-29,08,20,12.86,125.05358,+48,47,37.07,+48.79363,A,4,0.82,0.09,0.13091,0.00003,0.634,0.001,171,9
ULASJ0820+0812,2009-09-01,08,20,16.11,125.06712988,+08,12,15.9,8.20443831,A,2,1.15,0.01,0.803,0.001,2.0226,0.0003,NaN,NaN
SDSSJ0821+3733,2012-01-00,08,21,30.66,125.37775,+37,33,30.7,+37.558528,C,1,NaN,NaN,0.50563,0.00010,0.9705,0.0001,229,26
HS0818+1227,2011-09-01,08,21,39,125.4125,+12,17,29,+12.29139,A,2,3.07,0.01,0.39,0.01,3.1144,0.0001,NaN,NaN
SDSSJ0821+1025,2011-11-00,08,21,57.26,125.48858,+10,25,56.14,+10.43226,C,1,NaN,NaN,0.09419,0.00002,0.657,0.001,144,12
SDSSJ0822+1828,2012-06-01,08,22,27.47,125.614474,+18,28,55.83,+18.482175,A,3,0.83,0.03,0.1153,0.0001,0.8710,0.0001,159,9
SDSSJ0822+2652,2008-08-00,08,22,42.32,125.67633,+26,52,43.54,+26.87876,A,2,1.17,0.01,0.24132,0.00004,0.594,0.001,255,15
SDSSJ0827+5224,2012-04-01,08,27,25.20,126.855,+52,24,35.1,+52.40975,A,2,0.31,0.01,0.29364,0.00004,0.412,0.001,NaN,NaN
CSWA23,2008-07-01,08,27,28.83,126.87013375,+22,32,53.94,22.54831707,,2,NaN,NaN,0.349,0.001,0.766,0.001,NaN,NaN
SDSSJ0830+5116,2011-12-15,08,30,49.73,127.70722,+51,16,31.84,+51.27551,A,2,1.142,0.001,0.5301,0.0001,1.332,0.001,268,36
APM08279+5255,1998-10-01,08,31,41,127.92083,+52,45,17.0,+52.75472,A,3,1.88,0.01,1.06,0.01,3.87,0.01,NaN,NaN
SDSSJ0832+0404,2008-02-01,08,32,16.99,128.06667,+04,04,05.2,4.06811,A,2,0.95,NaN,0.659,0.001,1.115,0.003,NaN,NaN
2MASXJ08355126+3926220,2019-00-00,08,35,51.26,128.963558,+39,26,22.0,39.439353,A,0,NaN,NaN,NaN,NaN,NaN,NaN,NaN,NaN
CSWA29,2009-01-01,08,40,21.05,130.08769754,+10,52,12.66,10.8701825,,1,NaN,NaN,0.22,0.01,NaN,NaN,NaN,NaN
SDSSJ0840+5051,2012-01-00,08,40,54.19,130.225792,+50,51,53.1,+50.86475,C,1,NaN,NaN,0.5534,0.0001,1.4348,0.0001,204,31
SDSSJ0841+5017,2012-01-00,08,41,21.74,130.340583,+50,17,20.4,+50.289,C,1,NaN,NaN,0.5542,0.0001,1.2881,0.0001,199,25
SDSSJ0841+3824,2008-08-00,08,41,28.8,130.37002,+38,24,13.72,+38.40381,A,2,1.46,0.05,0.11588,0.00002,0.657,0.001,220,8
MM18423+5938,2011-06-07,08,42,22.27,130.5927887,+59,38,29.60,59.641556,A,2,0.65,0.10,1.1,0.1,3.92960,0.00013,NaN,NaN
SDSSJ0846+0446,2013-12-00,08,46,47.46,131.69775,+04,46,05.1,+4.768083,,2,3.4,0.1,0.24145,0.00006,1.405,0.001,243,22
ACSJ084710.65+344826.4,2012-06-15,08,47,10.65,131.794375,+34,48,26.4,+34.807333,A,1,1.98,0.01,NaN,NaN,NaN,NaN,NaN,NaN
SL2SJ084824-040715,2011-09-08,08,48,23.66,132.098587,-04,07,15.29,-4.1209139,B,0,7.4,NaN,0.51,0.02,NaN,NaN,NaN,NaN
SL2SJ084847-035103,2013-00-00,08,48,47.24,132.196833,-03,51,03.7,-3.851028,A,2,0.85,0.07,0.682,0.001,1.55,0.01,NaN,NaN
SL2SJ084909-041226,2013-00-00,08,49,09.51,132.289625,-04,12,26.7,-4.207417,A,2,1.10,0.03,0.722,0.001,1.54,0.01,NaN,NaN
SL2SJ084934-043352,2013-07-01,08,49,34.22,132.392583,-04,33,52.5,-4.564583,B,1,1.23,0.05,0.373,0.001,NaN,NaN,NaN,NaN
SL2SJ084959-025142,2013-00-00,08,49,59.75,132.498958,-02,51,42.8,-2.861889,A,2,1.16,0.04,0.274,0.001,2.09,0.01,NaN,NaN
SL2SJ085008-012353,2011-09-08,08,50,7.72,132.532165,-01,23,53.30,-1.3981388,B,0,3.5,NaN,0.37,0.04,NaN,NaN,NaN,NaN
SL2SJ085019-034710,2013-00-00,08,50,19.07,132.579458,-03,47,10.7,-3.786306,A,1,0.93,0.03,0.337,0.001,3.25,0.01,NaN,NaN
CSWA30,2009-01-01,08,51,26.5,132.8604223,+35,58,13.79,35.97049854,,1,NaN,NaN,0.272,0.001,0.919,0.001,245,22
SDSSJ0851+3331,2012-03-01,08,51,38.86,132.911917,+33,31,06.1,+33.518361,A,0,21.6,NaN,0.370,NaN,1.693,NaN,NaN,NaN
SL2SJ085207-034316,2011-09-08,08,52,7.18,133.029922,-03,43,16.28,-3.7211887,B,0,5.0,NaN,0.48,0.02,NaN,NaN,NaN,NaN
SL2SJ085208-040528,2011-09-08,08,52,8.36,133.034835,-04,05,28.36,-4.0912113,C,1,2.4,NaN,0.43,0.03,NaN,NaN,NaN,NaN
B0850+054,2003-02-01,08,52,53.83,133.224274447,+05,15,11.9,5.2533055548,A,2,1.6,0.1,0.5883,0.0006,1.143,0.002,NaN,NaN
SL2SJ085327-023745,2013-07-01,08,53,27.72,133.3655,-02,37,45.2,-2.629222,A,3,1.31,0.04,0.774,0.001,2.44,0.01,NaN,NaN
SL2SJ085425-031453,2011-09-08,08,54,25.14,133.604751,-03,14,53.11,-3.2480862,B,0,1.9,NaN,0.98,0.10,NaN,NaN,NaN,NaN
SL2SJ085447-012137,2011-09-08,08,54,46.55,133.693954,-01,21,37.08,-1.3602999,A,0,5.22,0.10,0.351,0.001,1.268,0.001,NaN,NaN
SL2SJ085540-014730,2013-07-01,08,55,40.11,133.917125,-01,47,30.3,-1.79175,A,1,1.03,0.04,0.365,0.001,3.39,0.01,NaN,NaN
SL2SJ085600-040918,2011-09-08,08,55,59.92,133.999664,-04,09,17.76,-4.1549334,B,2,1.36,0.10,0.419,0.001,2.95,0.01,NaN,NaN
SDSSJ085621.59+201040.5,2016-04-07,08,56,21.5918,134.089966,+20,10,40.5510,+20.177931,A,2,0.98,NaN,0.5074,NaN,2.2335,NaN,334,54
SL2SJ085727-024227,2011-09-08,08,57,26.91,134.362121,-02,42,26.64,-2.7074000,C,0,2.8,NaN,0.42,0.02,NaN,NaN,NaN,NaN
SL2SJ085736-010113,2011-09-08,08,57,35.96,134.399826,-01,01,12.55,-1.0201528,C,1,2.4,NaN,0.05,0.23,NaN,NaN,NaN,NaN
SL2SJ085749-011301,2011-09-08,08,57,49.10,134.454589,-01,13,0.73,-1.2168694,C,1,3.9,NaN,0.29,0.03,NaN,NaN,NaN,NaN
SL2SJ085826-014300,2013-07-01,08,58,26.59,134.610792,-01,43,00.5,-1.716806,A,2,0.90,0.03,0.580,0.001,NaN,NaN,NaN,NaN
SL2SJ085849-023926,2011-09-08,08,58,48.83,134.703460,-02,39,25.79,-2.6571638,B,1,3.7,NaN,0.36,0.10,NaN,NaN,NaN,NaN
SL2SJ085915-034515,2011-09-08,08,59,14.55,134.810623,-03,45,14.85,-3.7541251,A,0,4.5,NaN,0.74,0.03,NaN,NaN,NaN,NaN
SL2SJ085955-013213,2011-09-08,08,59,54.54,134.977249,-01,32,13.39,-1.5370527,C,1,4.3,NaN,0.66,1.06,NaN,NaN,NaN,NaN
SDSSJ0900+2234,2009-12-10,09,00,02.79,135.011625,+22,34,03.6,+22.567667,A,3,7.9,0.1,0.489,0.0002,2.0325,0.0003,NaN,NaN
SL2SJ090050-023054,2011-09-08,09,00,50.10,135.208755,-02,30,54.15,-2.5150415,B,1,3.2,NaN,0.36,0.02,NaN,NaN,NaN,NaN
SL2SJ090106-025906,2013-07-01,09,01,06.04,135.275167,-02,59,06.5,-2.985139,A,1,1.03,0.03,0.670,0.001,1.19,0.01,NaN,NaN
SDSSJ0901+1814,2009-12-10,09,01,22.37,135.343208,+18,14,32.3,+18.242306,A,3,7.7,0.1,0.3459,0.0003,2.2558,0.0003,442,42
SL2SJ090220-023057,2011-09-08,09,02,20.42,135.585083,-02,30,57.28,-2.5159111,C,1,3.0,NaN,0.63,0.04,NaN,NaN,NaN,NaN
SDSSJ0903+4116,2008-08-00,09,03,15.18,135.81327,+41,16,9.16,+41.26921,A,2,1.29,0.01,0.43032,0.00009,1.065,0.001,203,24
SDSSJ0903+5028,2003-11-01,09,03,34.94,135.89561203,+50,28,19.3,+50.47204106,A,2,1.42,0.03,0.388,NaN,3.605,NaN,NaN,NaN
SDSSJ0904+1512,2010-04-01,09,04,04.15,136.01731951,+15,12,54.5,+15.21514963,A,2,0.529,NaN,NaN,NaN,1.826,0.002,NaN,NaN
SL2SJ090408-005953,2011-09-08,09,04,7.97,136.033203,+00,59,52.85,-0.9980139,A,2,1.40,0.04,0.611,0.001,2.36,0.01,NaN,NaN
SL2SJ090530-020318,2011-09-08,09,05,29.75,136.373962,-02,03,17.70,-2.0549166,C,1,2.4,NaN,0.42,0.02,NaN,NaN,NaN,NaN
MACSJ0911.2+1746,2010-06-01,09,11,11.277,137.796988,+17,46,31.94,17.775539,A,0,11,3,0.505,NaN,NaN,NaN,1150,350
RXJ0911+0551,1997-01-01,09,11,27,137.8625,+05,50,52.0,+5.84778,A,4,2.47,NaN,0.77,NaN,2.8,NaN,NaN,NaN
SDSSJ0912+0029,2006-02-00,09,12,5.31,138.02212,+00,29,1.18,+0.48366,A,2,1.63,0.01,0.16419,0.00003,0.324,0.001,310,12
SBS0909+523,2000-02-01,09,13,01,138.25417,+52,59,28.83,+52.99134,A,2,1.79,0.01,0.83,0.01,1.377,0.001,NaN,NaN
SDSSJ0915+4211,2011-04-29,09,15,16.28,138.81784,+42,11,52.8,+42.198,A,2,0.98,0.02,0.07846,0.00002,0.79,0.01,176,7
SDSSJ0915-0055,2012-01-00,09,15,16.60,138.819167,-00,55,00.6,-0.916833,B,2,NaN,NaN,0.40216,0.00006,1.1705,0.0001,220,16
SDSSJ0915+3826,2012-03-01,09,15,39.00,138.9125,+38,26,58.5,+38.449583,A,0,9.8,NaN,0.397,NaN,1.501,NaN,NaN,NaN
SDSSJ091807.86+451856.7,2016-04-07,09,18,07.8662,139.532776,+45,18,56.7691,+45.315769,A,2,0.77,NaN,0.5238,NaN,2.3440,NaN,119,61
SDSSJ091859.21+510452.5,2016-04-07,09,18,59.2126,139.746719,+51,04,52.5934,+51.081276,A,4,1.60,NaN,0.5811,NaN,2.4030,NaN,298,49
SDSSJ0919+2720,2011-10-01,09,19,26.22,139.85927,+27,20,51.04,+27.34751,A,0,1.22,NaN,0.21017,0.00005,0.558,NaN,NaN,NaN
SDSSJ0919+3423,2009-02-01,09,19,49,139.95417,+34,23,04.0,+34.38444,A,4,6.0,0.1,0.0375,0.002,0.6842,0.0014,NaN,NaN
RXJ0921+4529,2010-10-01,09,21,12,140.3,+45,29,04.4,+45.48456,B,2,3.48,0.01,0.312,0.01,1.6535,0.0005,NaN,NaN
SDSSJ0921+1810,2013-12-00,09,21,25.74,140.3572627,+18,10,17.33,18.17148017,A,6,NaN,NaN,0.6832,0.0003,1.486,0.001,NaN,NaN
SDSSJ0924+0219,2003-08-01,09,24,55.87,141.232487,+02,19,24.9,+2.323611,A,4,0.87,NaN,0.394,0.001,1.524,0.001,NaN,NaN
ACSJ093323.88+441549.7,2012-06-15,09,33,23.88,143.3495,+44,15,49.7,+44.263806,B,1,1.32,0.01,NaN,NaN,NaN,NaN,NaN,NaN
SDSSJ0935-0003,2008-08-00,09,35,43.93,143.93306,-00,03,34.81,-0.05967,A,1,0.87,0.01,0.34749,0.00007,0.467,0.001,345,41
SDSSJ0936+0913,2008-08-00,09,36,0.77,144.00319,+09,13,35.8,+9.22661,A,2,1.09,0.01,0.18970,0.00003,0.588,0.001,238,12
SDSSJ0941-0104,2012-01-00,09,41,02.69,145.261208,-01,04,02.5,-1.067361,C,1,NaN,NaN,0.91135,0.00004,0.9115,0.0001,NaN,NaN
SDSSJ0944-0147,2011-12-15,09,44,27.47,146.11445,-01,47,42.43,-1.79512,A,2,0.725,0.001,0.5390,0.0001,1.179,0.001,204,34
SDSSJ0946+1835,2010-08-01,09,46,04.79,146.51997526,+18,35,39.7,+18.59436343,A,2,1.34,NaN,0.388,NaN,4.799,0.001,NaN,NaN
SDSSJ0946+1006,2011-11-01,09,46,56.68,146.73617,+10,06,52.81,+10.11467,A,4,1.38,0.01,0.22193,0.00006,0.609,0.001,257,20
FBQ0951+2635,1998-04-01,09,51,22,147.8418575,+26,35,14.1,26.5880277773,A,2,0.56,NaN,0.26,NaN,1.24,NaN,NaN,NaN
ACSJ095139.44+684731.2,2012-06-15,09,51,39.44,147.914333,+68,47,31.2,+68.792,A,1,0.77,0.01,NaN,NaN,NaN,NaN,NaN,NaN
SDSSJ0952+3434,2010-12-01,09,52,40.22,148.16760,+34,34,46.09,34.57947,A,0,6.9,NaN,0.3491,0.0001,2.1896,0.0001,NaN,NaN
BRI0952-0115,2000-06-01,09,55,00,148.75,-01,30,05.000,-1.50139,A,2,2.23,0.01,0.632,0.001,4.50,0.01,NaN,NaN
SDSSJ0955+0101,2008-08-00,09,55,19.72,148.83217,+01,01,44.44,+1.02901,A,2,1.04,0.06,0.11093,0.00003,0.316,0.001,197,13
SDSSJ0956+5100,2006-02-00,09,56,29.77,149.12406,+51,00,6.7,+51.00186,A,3,1.33,0.01,0.24055,0.00005,0.47,0.01,297,16
ACSJ095718.69+685731.5,2012-06-15,09,57,18.69,149.327875,+68,57,31.5,+68.95875,B,1,0.82,0.01,NaN,NaN,NaN,NaN,NaN,NaN
COSMOS5737+3424,2008-05-01,09,57,37.0,149.404167,+02,34,24,+2.573333,A,0,12.0,NaN,0.375,0.001,NaN,NaN,NaN,NaN
SDSSJ0957+0509,2010-12-01,09,57,39.19,149.41330,+05,09,31.93,5.15887,A,1,5.4,0.1,0.4467,0.0001,1.8230,0.0003,268,41
SDSSJ0959+4416,2008-08-00,09,59,0.97,149.75403,+44,16,39.36,+44.2776,A,2,0.96,0.01,0.23687,0.00005,0.531,0.001,238,20
COSMOS5914+1219,2008-05-01,09,59,4.7,149.769583,+02,12,19,+2.205278,A,4,1.60,0.01,1.13,0.10,NaN,NaN,NaN,NaN
COSMOS5921+0638,2008-05-01,09,59,21.79,149.84068,+02,06,38.7,2.11067,A,4,0.62,0.00,0.552,0.001,3.35,0.01,NaN,NaN
J095930.93+023427.7,2008-09-01,09,59,30.93,149.878875,+02,34,27.7,+2.574361,A,4,0.79,0.02,0.892,0.001,NaN,NaN,NaN,NaN
COSMOS5939+3044,2008-05-01,09,59,39.17,149.913208,+02,30,43.98,+2.512216,B,1,0.70,NaN,0.74,0.06,NaN,NaN,NaN,NaN
SL2SJ095942+022956,2011-09-08,09,59,42.43,149.926788,+02,29,56.10,+2.498916,B,1,3.5,NaN,0.76,0.04,NaN,NaN,NaN,NaN
SDSSJ0959+0410,2006-02-00,09,59,44.07,149.93361,+04,10,17,+4.17139,A,2,0.99,0.01,0.12598,0.00003,0.535,0.001,203,12
SL2SJ095956+021902,2011-09-08,09,59,55.98,149.983245,+02,19,1.79,+2.317163,B,3,2.4,NaN,1.00,0.04,NaN,NaN,NaN,NaN
COSMOS0012+2015,2008-05-01,10,00,12.6,150.0525,+02,20,15,+2.3375,A,2,0.90,NaN,0.378,0.001,NaN,NaN,NaN,NaN
COSMOS0013+2249,2008-05-01,10,00,13.9,150.057917,+02,22,49,+2.380278,B,1,1.65,NaN,0.346,0.001,NaN,NaN,NaN,NaN
COSMOS0018+3845,2008-05-01,10,00,18.39,150.07666,+02,38,44.99,2.6458333,A,4,1.32,0.00,0.9755,0.0003,3.96,0.02,NaN,NaN
WFC3J100023.53+021653.34,2012-06-15,10,00,23.53,150.098042,+02,16,53.34,+2.281483,B,1,2.08,0.01,NaN,NaN,NaN,NaN,NaN,NaN
COSMOS0038+4133,2008-05-01,10,00,38.27,150.15948,+02,41,33.84,2.6927351,A,0,0.60,0.00,0.738,0.001,NaN,NaN,NaN,NaN
COSMOS0047+5023,2008-05-01,10,00,47.6,150.198333,+01,50,23,+1.839722,B,3,0.70,NaN,0.87,0.01,NaN,NaN,NaN,NaN
COSMOS0049+5128,2008-05-01,10,00,49.26,150.2052807,+01,51,28.09,1.8578028,A,0,2.17,NaN,0.337,NaN,0.524,NaN,NaN,NaN
COSMOS0050+4901,2008-05-01,10,00,50.65,150.21104,+02,49,01.89,2.8171935,A,4,1.65,0.02,0.960,0.001,NaN,NaN,NaN,NaN
COSMOS0056+1226,2008-05-01,10,00,56.78,150.23661,+02,12,25.95,2.20721,A,2,1.20,NaN,0.361,0.001,0.808,0.001,NaN,NaN
Q0957+561,1979-01-01,10,01,20,150.337,+55,53,49.4,+55.89706,A,2,6.26,NaN,0.36,NaN,1.41,NaN,NaN,NaN
COSMOS0124+5121,2008-05-01,10,01,24.5,150.352083,+01,51,21,+1.855833,C,0,0.84,NaN,0.856,0.001,NaN,NaN,NaN,NaN
SDSSJ1001+5027,2005-03-01,10,01,28.61,150.3692166,+50,27,56.9,+50.46579941,A,2,1.35,NaN,0.415,NaN,1.839,NaN,NaN,NaN
SL2SJ100134+022135,2011-09-08,10,01,33.74,150.390579,+02,21,35.35,+2.359819,C,1,3.0,NaN,0.69,0.05,NaN,NaN,NaN,NaN
J100140.12+020040.9,2008-09-01,10,01,40.12,150.417167,+02,00,40.9,+2.011361,A,4,0.81,0.02,0.879,0.001,NaN,NaN,NaN,NaN
SL2SJ100148+022207,2011-09-08,10,01,47.79,150.449127,+02,22,6.55,+2.368486,B,1,3.5,NaN,0.69,0.05,NaN,NaN,NaN,NaN
SDSSJ1002+6020,2013-12-00,10,02,02.52,150.5105,+60,20,26.3,+60.340639,,1,NaN,NaN,0.575,0.001,1.114,0.001,NaN,NaN
COSMOS0211+1139,2008-05-01,10,02,11.21,150.54673,+02,11,39.47,2.19430,A,2,3.20,NaN,0.92,0.01,NaN,NaN,NaN,NaN
SL2SJ100212+022955,2011-09-08,10,02,11.67,150.548629,+02,29,55.24,+2.498677,B,3,1.9,NaN,0.77,0.05,NaN,NaN,NaN,NaN
SL2SJ100215+023736,2011-09-08,10,02,14.85,150.561874,+02,37,36.47,+2.626797,B,2,2.1,NaN,0.65,0.05,NaN,NaN,NaN,NaN
COSMOS0216+2955,2008-05-01,10,02,16.8,150.57,+02,29,55,+2.498611,C,0,1.96,NaN,0.608,0.001,NaN,NaN,NaN,NaN
COSMOS0254+1430,2008-05-01,10,02,54.07,150.72532,+02,14,30.19,2.24172,B,1,NaN,NaN,0.417,0.001,0.779,0.001,NaN,NaN
FIRSTJ1004+1229,2002-06-01,10,04,24.84,151.1035,+12,29,22.3,+12.48953,A,2,2.06,0.01,0.95,0.01,2.65,0.01,NaN,NaN
SDSSJ1004+4112,2003-12-01,10,04,34,151.143142867,+41,12,42.8,41.2121094213,A,5,8.14,NaN,0.68,NaN,1.734,0.002,NaN,NaN
SDSSJ1005+4016,2012-04-01,10,05,22.06,151.341917,+40,16,10.1,+40.269472,A,1,0.61,0.01,0.23048,0.00002,0.441,0.001,NaN,NaN
CSWA15.2,2009-01-01,10,08,59.27,152.24695521,+19,37,15.35,19.62092953,,0,NaN,NaN,0.465,NaN,NaN,NaN,NaN,NaN
SDSSJ1008+1937,2009-01-01,10,08,59.78,152.2490633,+19,37,17.46,+19.621517,,3,NaN,NaN,0.30606,0.00007,2.162,0.001,336,32
SDSSJ1011+0143,2006-06-01,10,11,29,152.87083,+01,43,23.3,1.72314,A,4,1.84,0.01,0.331,0.001,2.701,0.001,NaN,NaN
LBQS1009-0252,1993-06-01,10,12,15.72,153.0655,-03,07,02.000,-3.11722,A,2,2.16,0.01,0.87,0.01,1.6229,0.0005,NaN,NaN
CSWA32,2009-01-01,10,15,5.77,153.77402666,+55,30,18.21,55.50505929,,2,NaN,NaN,0.205,0.001,0.276,0.001,NaN,NaN
SDSSJ1016+3859,2008-08-00,10,16,22.87,154.098891114,+38,59,3.3,38.9777499948,A,2,1.09,0.01,0.16795,0.00003,0.439,0.001,251,13
SDSSJ1016-0208,2012-01-00,10,16,58.29,154.242875,-02,08,33.3,-2.142583,C,1,NaN,NaN,0.4699,0.0001,1.0034,0.0001,168,28
Q1017-207,1993-03-01,10,17,24,154.35,-20,47,00.000,-20.78333,A,2,2.28,0.01,0.78,0.01,2.55,0.01,NaN,NaN
SDSSJ1020+1122,2008-08-00,10,20,26.54,155.11059,+11,22,41.16,+11.3781,A,2,1.20,0.01,0.28219,0.00005,0.553,0.001,274,19
SDSSJ1021+4913,2006-01-01,10,21,11.02,155.29590876,+49,13,30.4,+49.22509437,A,2,0.59,NaN,0.451,NaN,1.7198,NaN,NaN,NaN
SDSSJ1023+4230,2008-08-00,10,23,32.25,155.88436,+42,30,1.91,+42.50053,A,4,1.41,0.01,0.19114,0.00004,0.696,0.001,255,14
FSC10214+4724,1995-08-01,10,24,34,156.14167,+47,09,11,+47.15306,A,2,0.8,0.1,NaN,NaN,2.286,0.001,NaN,NaN
SDSSJ1029+2623,2006-12-01,10,29,13,157.30809434,+26,23,17.9,26.38832296,A,3,15.2,0.5,0.58,NaN,2.197,0.0003,NaN,NaN
SDSSJ1029+0420,2008-08-00,10,29,22.94,157.34558,+04,20,1.8,+4.33384,A,2,1.05,0.03,0.10444,0.00002,0.615,0.001,208,9
SDSSJ1029+6115,2008-08-00,10,29,27.53,157.36471,+61,15,5.3,+61.25146,A,2,NaN,NaN,0.15736,0.00003,0.2512,0.0001,228,14
SDSSJ1032+5322,2008-08-00,10,32,35.84,158.14937,+53,22,34.9,+53.37634,A,2,1.06,0.03,0.13340,0.00004,0.329,0.001,293,15
B1030+074,1998-02-01,10,33,34.024,158.39177,+07,11,26.13,+7.19059,A,2,1.65,NaN,0.599,NaN,1.535,NaN,NaN,NaN
SDSSJ1037+3517,2011-04-29,10,37,45.03,159.43762,+35,17,30.98,+35.29194,A,2,NaN,NaN,0.12171,0.00003,0.448,0.001,220,12
ACSJ103751.40-124327.5,2012-06-15,10,37,51.40,159.464167,-12,43,27.5,-12.724306,B,1,1.48,0.01,NaN,NaN,NaN,NaN,NaN,NaN
CSWA2.2,2008-07-01,10,38,42.69,159.67786606,+48,49,20.26,48.82229409,,3,NaN,NaN,0.426,0.001,2.20,0.01,NaN,NaN
SDSSJ1038+4849,2008-07-01,10,38,43.58,159.6816,+48,49,17.76,48.8216,A,2,8.4,0.3,0.4256,0.0001,0.972,0.001,304,40
SDSSJ1039-0014,2012-01-00,10,39,41.16,159.9215,-00,14,24.5,-0.240139,C,1,NaN,NaN,0.38490,0.00007,0.9141,0.0001,139,36
ACSJ104701.80+171739.7,2012-06-15,10,47,01.80,161.7575,+17,17,39.7,+17.294361,B,2,0.46,0.01,NaN,NaN,NaN,NaN,NaN,NaN
CSWA33,2009-01-01,10,49,23.39,162.34745045,+35,44,40.97,35.74471377,,2,NaN,NaN,0.322,0.001,1.028,0.001,NaN,NaN
CSWA25,2009-05-01,10,49,43.14,162.42975402,+44,20,35.62,44.34322791,,1,7.2,0.1,0.2303,0.0002,0.389,0.001,805,1
SDSSJ1050+0017,2012-03-01,10,50,39.90,162.66625,+00,17,07.1,+0.285306,A,0,16.1,NaN,0.6,NaN,NaN,NaN,NaN,NaN
SDSSJ1054+2733,2010-04-01,10,54,40.83,163.67016587,+27,33,06.4,+27.55178785,A,2,0.598,NaN,NaN,NaN,1.452,0.002,NaN,NaN
RCS2J1055+5548,2012-03-01,10,55,04.59,163.769125,+55,48,23.3,+55.806472,A,0,10.0,NaN,0.466,NaN,1.250,NaN,NaN,NaN
SDSSJ1055+4628,2010-04-01,10,55,45.45,163.93938391,+46,28,39.4,+46.47763753,A,2,0.6,NaN,0.388,NaN,1.249,0.001,NaN,NaN
HERMESJ105751.1+573027,2011-05-01,10,57,51.1,164.462917,+57,30,27,+57.5075,A,4,4.10,0.02,NaN,NaN,2.9574,NaN,NaN,NaN
SDSSJ1100+5329,2008-08-00,11,00,24.39,165.10161,+53,29,13.9,+53.48719,A,2,1.52,0.01,0.31712,0.00007,0.858,0.001,187,23
HSTJ110307.14+532042.6,2009-05-01,11,03,7.14,165.77975,+53,20,42.6,+53.345167,A,2,1.24,0.06,0.41,0.03,1.12,0.37,NaN,NaN
SDSSJ1103+5322,2008-08-00,11,03,8.21,165.78421,+53,22,28.2,+53.3745,A,4,1.08,0.03,0.15824,0.00003,0.735,0.001,199,12
HE1104-1805,1993-10-01,11,06,33.45,166.6375,-18,21,24.20,-18.35667,A,2,1.6,0.1,0.729,0.001,2.319,0.001,NaN,NaN
SDSSJ1106+5228,2008-08-00,11,06,46.15,166.69229,+52,28,37.8,+52.47718,A,1,1.23,0.01,0.09551,0.00002,0.407,0.001,262,9
SDSSJ1110+6459,2013-12-00,11,10,17.69,167.573708,+64,59,48.2,+64.996722,,0,NaN,NaN,NaN,NaN,NaN,NaN,NaN,NaN
SDSSJ1110+6459,2012-03-01,11,10,17.70,167.57375,+64,59,47.8,+64.996611,A,0,8.4,NaN,0.659,NaN,NaN,NaN,NaN,NaN
SDSSJ111027.11+280838.4,2016-04-07,11,10,27.1106,167.612961,+28,08,38.4654,+28.144018,A,2,0.98,NaN,0.6073,NaN,2.3999,NaN,191,39
SDSSJ111040.42+364924.4,2016-04-07,11,10,40.4260,167.668442,+36,49,24.3997,+36.823444,A,4,1.16,NaN,0.7330,NaN,2.5024,NaN,531,165
ACSJ111052.23+284233.7,2012-06-15,11,10,52.23,167.717625,+28,42,33.7,+28.709361,C,2,0.79,0.01,NaN,NaN,NaN,NaN,NaN,NaN
CSWA16.2,2009-01-01,11,11,3.31,167.76378766,+53,08,51.87,53.14774276,,0,NaN,NaN,0.46,NaN,NaN,NaN,NaN,NaN
SDSSJ1111+5308,2009-01-01,11,11,03.68,167.765333,+53,08,54.91,53.14858718,,2,NaN,NaN,0.412,0.001,1.945,0.001,NaN,NaN
ACSJ111127.06+285000.2,2012-06-15,11,11,27.06,167.86275,+28,50,00.2,+28.833389,C,1,0.39,0.01,NaN,NaN,NaN,NaN,NaN,NaN
SDSSJ1112+0826,2008-08-00,11,12,50.6,168.21084,+08,26,10.4,+8.43623,A,2,1.49,0.01,0.27289,0.00007,0.629,0.001,320,20
CSWA26,2009-05-01,11,13,10.65,168.294359,+23,56,39.52,23.94431091,,2,NaN,NaN,0.3361,0.0002,0.776,0.001,310,19
SDSSJ1115+1645,2013-12-00,11,15,04.39,168.768292,+16,45,38.6,+16.760722,,1,4.6,0.1,0.537,0.001,1.718,0.001,NaN,NaN
SDSSJ1115+5319,2012-03-01,11,15,14.85,168.811875,+53,19,54.6,+53.331833,A,0,21.9,NaN,0.466,NaN,NaN,NaN,NaN,NaN
SDSSJ1116+4118,2007-01-01,11,16,11,169.04583,+41,18,21.5,+41.30597,B,2,7.68,0.09,0.25,0.03,2.980,0.005,NaN,NaN
HE1113-0641,2008-01-01,11,16,23.5,169.097917,-06,57,39.0,-6.960833,A,4,0.332,0.001,0.7,0.3,1.235,0.001,180,NaN
SDSSJ111634.55+091503.0,2016-04-07,11,16,34.5593,169.143997,+09,15,03.0453,+9.250846,A,2,1.03,NaN,0.5501,NaN,2.4536,NaN,274,55
ACSJ111715.58+174500.0,2012-06-15,11,17,15.58,169.314917,+17,45,00.0,+17.75,B,2,0.95,0.01,NaN,NaN,NaN,NaN,NaN,NaN
SDSSJ1117+4704,2011-04-29,11,17,35.37,169.39739,+47,04,7.43,+47.06873,A,4,0.77,0.02,0.16888,0.00003,0.405,0.001,188,10
PG1115+080,1980-06-01,11,18,17,169.57083,+07,45,57.7,+7.76603,A,4,3.62,0.01,0.31,0.01,1.72,0.01,281,25
ACSJ112310.02+141020.2,2012-06-15,11,23,10.02,170.79175,+14,10,20.2,+14.172278,C,1,1.01,0.01,NaN,NaN,NaN,NaN,NaN,NaN
SDSSJ1128+2402,2012-05-01,11,28,18.49,172.07704362,+24,02,17.4,24.03818459,A,0,0.42,NaN,NaN,NaN,1.608,0.002,NaN,NaN
B1127+385,1999-03-01,11,30,00,172.5,+38,12,03.1,+38.20086,A,2,0.351,0.002,NaN,NaN,NaN,NaN,NaN,NaN
RXJ1131-1231,2003-07-01,11,31,51,172.964,-12,31,57,-12.533,A,4,1.834,0.002,0.295,0.001,0.658,0.001,NaN,NaN
MG1131+0456,1988-06-01,11,31,56,172.98333,+04,55,49.8,+4.9305,A,2,0.819,0.001,0.844,0.010,1.13,0.01,NaN,NaN
SDSSJ1131+1915,2010-04-01,11,31,57.72,172.99052035,+19,15,27.7,+19.25769689,A,2,0.68,NaN,NaN,NaN,2.915,0.001,NaN,NaN
CSWA12,2005-07-01,11,33,13.17,173.30488333,+50,08,40.12,50.14447842,,2,NaN,NaN,0.394,0.001,1.544,0.001,NaN,NaN
SDSSJ1134+6027,2008-08-00,11,34,5.89,173.52456,+60,27,13.5,+60.45375,A,2,1.10,0.01,0.15280,0.00003,0.474,0.001,239,11
CSWA18,2009-01-01,11,34,6.74,173.52808224,+25,33,35.17,25.55977002,A,2,NaN,NaN,0.07049,0.00001,NaN,NaN,229,5
SDSSJ1135+3720,2011-04-29,11,35,6.88,173.77867,+37,20,23.89,37.33997,A,2,0.71,0.07,0.16242,0.00004,0.402,0.001,213,15
CSWA7,2009-05-01,11,37,40.06,174.41690253,+49,36,35.54,49.60987175,,2,3.7,0.1,0.4483,0.0002,1.411,0.001,464,1
SDSSJ1138+0314,2008-02-01,11,38,03.73,174.51557327,+03,14,57.8,+3.24939292,A,4,0.664,NaN,0.445,0.001,2.4427,0.0014,NaN,NaN
CSWA17,2009-01-01,11,38,8.95,174.53730655,+27,54,30.71,27.9085314,A,2,6.2,0.1,0.447,0.001,0.909,0.001,NaN,NaN
SDSSJ114154.71+221628.8,2016-04-07,11,41,54.7119,175.477966,+22,16,28.8931,+22.274693,A,2,1.27,NaN,0.5858,NaN,2.7624,NaN,285,44
SDSSJ1142+1001,2008-08-00,11,42,57.35,175.73893,+10,01,11.8,+10.01996,A,2,0.98,0.01,0.22187,0.00006,0.504,0.001,221,22
SDSSJ1143-0144,2008-08-00,11,43,29.64,175.87349,-01,44,30.0,-1.74166,A,2,1.68,0.01,0.10605,0.00001,0.402,0.001,269,5
HSTJ114331.46-014508.0,2009-05-01,11,43,31.46,175.88107,-01,45,8.0,-1.752222,A,2,1.45,0.07,0.10361,0.00002,0.91,0.56,238,9
HATLASJ114637.9-001132,2012-02-08,11,46,37.9,176.657913,-00,11,32.0,-0.192222,A,0,NaN,NaN,1.06,0.16,3.2592,0.0010,NaN,NaN
SDSSJ114833.14+193003.2,2009-12-10,11,48,33.14,177.138083,+19,30,03.2,+19.500889,A,3,5.1,0.1,0.4457,0.0003,2.3811,0.0003,258,42
MACSJ1149.5+2223,2009-06-01,11,49,35.093,177.396221,+22,24,10.94,+22.403039,A,0,27,3,0.544,NaN,NaN,NaN,NaN,NaN
SDSSJ1150+1016,2006-07-01,11,50,17.02,177.57091,+10,16,52.97,+10.28138,B,1,1.31,0.01,0.28365,0.00009,0.801,0.001,251,31
ACSJ115135.05+004912.4,2012-06-15,11,51,35.05,177.896042,+00,49,12.4,+0.820111,C,1,1.87,0.01,NaN,NaN,NaN,NaN,NaN,NaN
ACSJ115138.59+004848.4,2012-06-15,11,51,38.59,177.910792,+00,48,48.4,+0.813444,C,1,1.96,0.01,NaN,NaN,NaN,NaN,NaN,NaN
SDSSJ1152+3313,2012-03-01,11,52,00.15,178.000625,+33,13,42.1,+33.228361,A,0,8.7,NaN,0.362,NaN,2.491,NaN,NaN,NaN
SDSSJ1152+0930,2012-03-01,11,52,47.38,178.197417,+09,30,14.7,+9.504083,A,0,4.5,NaN,0.517,NaN,NaN,NaN,NaN,NaN
SDSSJ1153+4612,2008-08-00,11,53,10.79,178.29494,+46,12,5.3,+46.20147,A,2,1.05,0.01,0.17969,0.00004,0.875,0.001,226,15
NSCJ115347+425155,2008-02-01,11,53,49.49,178.456208,+42,50,43.1,+42.845306,A,0,NaN,NaN,0.327,NaN,NaN,NaN,NaN,NaN
SDSSJ1155+6346,2004-03-01,11,55,17.35,178.82228135,+63,46,22.0,+63.77279854,A,2,0.59,NaN,0.176,NaN,2.8890,0.0005,NaN,NaN
B1152+200,1999-06-01,11,55,18,178.825,+19,39,42.2,+19.66172,A,2,1.59,0.01,0.439,0.001,1.019,0.001,NaN,NaN
SDSSJ1159-0007,2011-12-15,11,59,44.63,179.93596,-00,07,28.2,-0.1245,A,2,0.683,0.001,0.5793,0.0001,1.346,0.001,165,41
SDSSJ120159.02+474323.2,2016-04-07,12,01,59.0259,180.495941,+47,43,23.1967,+47.72311,A,2,1.18,NaN,0.5628,NaN,2.1258,NaN,239,43
SDSSJ1203+2535,2011-04-29,12,03,56.33,180.98472,+25,35,49.13,+25.59698,A,4,0.87,0.06,0.10112,0.00002,0.856,0.001,156,7
SDSSJ1204+0358,2008-08-00,12,04,44.07,181.18363,+03,58,6.4,+3.96845,A,2,1.31,0.01,0.16437,0.00004,0.631,0.001,267,17
SDSSJ1205+4910,2006-02-01,12,05,40.44,181.41848,+49,10,29.38,+49.174828,A,2,1.2234,0.0005,0.21498,0.00005,0.481,0.001,296,14
CSWA6,2009-07-01,12,06,2.09,181.50871224,+51,42,29.54,51.70820438,,2,3.82,0.03,0.422,0.001,2.00,0.01,361,52
MACSJ1206.2-0847,2009-05-01,12,06,12.15,181.550625,-08,48,03.4,-8.800944,A,3,15,NaN,0.4385,NaN,NaN,NaN,NaN,NaN
SDSSJ1206+4332,2005-03-01,12,06,29.65,181.62352618,+43,32,17.6,+43.53821274,A,2,1.39,NaN,0.748,NaN,1.789,NaN,NaN,NaN
CSWA36,2010-12-01,12,07,35.91,181.89964171,+52,54,59.23,52.91645343,,2,9.4,0.1,0.2717,0.0002,1.9257,0.0002,NaN,NaN
CSWA8,2008-09-01,12,09,23.69,182.34870,+26,40,46.74,+26.67965,A,2,NaN,NaN,0.558,0.001,1.018,0.001,NaN,NaN
Q1208+101,1992-02-01,12,10,57,182.7375,+09,54,25.6,+9.90711,B,2,1.27,0.01,1.24,0.10,3.803,0.001,NaN,NaN
SDSSJ1213+6708,2008-08-01,12,13,40.6,183.41915,+67,08,28.93,+67.14137,A,2,1.416,0.005,0.12285,0.00002,0.6402,0.0001,278,10
HSTJ121346.57+670833.3,2009-05-01,12,13,46.57,183.444042,+67,08,33.3,+67.142583,A,2,0.65,0.03,0.33,0.08,1.44,0.57,NaN,NaN
SDSSJ1215+0047,2011-12-15,12,15,4.44,183.76849,+00,47,26.05,+0.79057,A,2,1.368,0.001,0.6423,0.0002,1.297,0.001,262,45
ACSJ121637.27-120042.2,2012-06-15,12,16,37.27,184.155292,-12,00,42.2,-12.011722,B,1,1.46,0.01,NaN,NaN,NaN,NaN,NaN,NaN
SDSSJ1216+3529,2008-02-01,12,16,46.04,184.19187014,+35,29,41.5,+35.49486106,A,2,0.77,NaN,0.5,NaN,2.0166,0.0005,NaN,NaN
SDSSJ1217+3641,2008-02-01,12,17,31.94,184.383083,+36,41,12.3,+36.68675,A,0,NaN,NaN,0.364,NaN,NaN,NaN,NaN,NaN
SDSSJ1218+0830,2008-08-01,12,18,26.69,184.61121,+08,30,50.33,+8.51398,A,2,1.452,0.003,0.13502,0.00002,0.717,0.001,222,10
SDSSJ1221+3806,2011-12-15,12,21,51.92,185.46632,+38,06,10.55,+38.10293,A,2,0.699,0.001,0.5348,0.0002,1.284,0.001,187,48
ACSJ122332.64-123940.3,2012-06-15,12,23,32.64,185.886,-12,39,40.3,-12.661194,A,1,0.36,0.01,NaN,NaN,NaN,NaN,NaN,NaN
SDSSJ1226-0006,2008-02-01,12,26,08.02,186.53343659,-00,06,02.2,-0.10063021,A,2,0.568,NaN,0.516,0.001,1.1229,0.0002,NaN,NaN
SDSSJ1226+2149,2012-03-01,12,26,51.11,186.712958,+21,49,52.3,+21.831194,A,0,14.0,NaN,0.435,NaN,1.605,NaN,NaN,NaN
CSWA38,2010-11-01,12,26,51.69,186.71535583,+21,52,25.45,21.87373676,A,1,NaN,NaN,0.42,0.01,2.9233,0.0001,NaN,NaN
SDSSJ122656.45+545739.0,2016-04-07,12,26,56.4587,186.735245,+54,57,39.0454,+54.960846,A,8,1.37,NaN,0.4980,NaN,2.7322,NaN,248,26
CSWA9,2009-01-01,12,27,18.74,186.82808228,+17,25,51.85,17.43107014,,3,NaN,NaN,0.37,0.01,NaN,NaN,NaN,NaN
SDSSJ1228+3743,2011-11-00,12,28,59.61,187.24837,+37,43,48.4,+37.73011,B,2,NaN,NaN,0.03993,0.00001,0.102,0.001,178,5
SDSSJ1234-0241,2011-12-15,12,34,27.99,188.61662,-02,41,29.62,-2.69156,A,2,0.533,0.001,0.4900,0.0001,1.016,0.001,122,31
HSTJ12368+6212,1999-05-01,12,36,49,189.20417,+62,12,22,+62.20611,C,2,0.583,0.004,0.953,NaN,NaN,NaN,NaN,NaN
SDSSJ1237+5533,2009-01-01,12,37,36.2,189.40082835,+55,33,42.88,55.56190979,,1,NaN,NaN,0.4099,0.0001,1.864,0.001,276,54
CSWA3,2008-07-01,12,40,32.28,190.1345157,+45,09,02.85,45.15079076,,1,2.9,0.1,0.274,0.001,0.725,0.001,NaN,NaN
CSWA5.2,2010-08-01,12,44,51.02,191.21257821,+01,06,44,1.11222194,,0,NaN,NaN,0.388,NaN,1.0686,NaN,NaN,NaN
CSWA5.1,2010-08-01,12,44,51.36,191.21400615,+01,06,42.96,1.11193257,,0,NaN,NaN,NaN,NaN,1.0686,NaN,NaN,NaN
SDSSJ1246+0440,2006-07-01,12,46,45.600,191.69001,+04,40,25.00,+4.67361,B,2,0.91,0.01,0.16861,0.00004,0.465,0.001,223,14
SDSSJ1250+0523,2006-02-01,12,50,28.25,192.61772,+05,23,49.13,+5.39698,A,8,1.1299,0.0007,0.23176,0.00004,0.795,0.001,246,15
SDSSJ1250-0135,2008-08-01,12,50,50.52,192.71050,-01,35,31.67,-1.59213,B,2,NaN,NaN,0.08707,0.00002,0.353,0.001,236,9
SDSSJ1251+2935,2007-10-01,12,51,07.57,192.78156013,+29,35,40.5,+29.59458506,A,4,0.88,NaN,0.410,NaN,0.80213,0.00008,NaN,NaN
SDSSJ1251-0208,2006-02-01,12,51,35.7,192.89877,-02,08,5.17,-2.13477,A,2,0.82,0.03,0.22432,0.00005,0.784,0.001,212,23
HSTJ12531-2914,1995-11-01,12,53,06,193.275,-29,14,30.000,-29.24167,A,4,0.64,NaN,0.69,NaN,NaN,NaN,NaN,NaN
SDSSJ1254+2235,2009-05-01,12,54,18.94,193.57895411,+22,35,36.5,+22.59348404,A,2,0.787,NaN,NaN,NaN,3.626,0.002,NaN,NaN
SDSSJ1258+1657,2009-05-01,12,58,19.24,194.58016909,+16,57,17.6,+16.95489576,A,2,0.565,NaN,0.505,NaN,2.701,0.002,NaN,NaN
SDSSJ1259+6134,2006-02-01,12,59,19.06,194.82942,+61,34,8.58,+61.56905,B,1,NaN,NaN,0.23324,0.00004,0.449,0.001,266,19
ACSJ130042.73+280523.3,2012-06-15,13,00,42.73,195.178042,+28,05,23.3,+28.089806,B,1,1.08,0.01,NaN,NaN,NaN,NaN,NaN,NaN
SDSSJ1304+2001,2010-04-01,13,04,43.58,196.18160996,+20,01,04.2,+20.0178397,A,2,0.987,NaN,0.373,NaN,2.175,0.002,NaN,NaN
SDSSJ1306+0600,2009-11-01,13,06,13.66,196.55690,+06,00,22.14,+6.00615,A,2,NaN,NaN,0.17297,0.00004,0.472,0.001,257,17
Abell1689,1995-06-01,13,11,29.5,197.872917,-01,20,28,-1.341111,A,0,50,NaN,0.1867,NaN,NaN,NaN,NaN,NaN
SDSSJ1313+4615,2009-11-01,13,13,2.92,198.26216,+46,15,13.61,+46.25378,A,2,NaN,NaN,0.18479,0.00004,0.514,0.001,255,15
SDSSJ1313+0506,2008-08-01,13,13,26.7,198.36125,+05,06,57.24,+5.1159,B,2,0.53,0.23,0.14383,0.00003,0.339,0.001,252,16
SDSSJ1313+5151,2007-11-01,13,13,39.98,198.41660466,+51,51,28.4,+51.8579021,A,2,0.6,NaN,0.194,NaN,1.877,0.002,NaN,NaN
Abell1703,2009-04-01,13,15,00.7,198.752917,+51,49,10.0,+51.819444,A,0,27.4,NaN,0.277,NaN,2.627,NaN,NaN,NaN
SDSSJ1315+5439,2012-03-01,13,15,09.30,198.78875,+54,37,51.8,+54.631056,A,0,16.9,NaN,0.588,NaN,NaN,NaN,NaN,NaN
SDSSJ1318+3942,2010-12-01,13,18,11.51,199.54796,+39,42,26.96,39.70749,A,2,8.5,0.1,0.4751,0.0002,2.9437,0.0003,347,46
SDSSJ1318-0104,2011-12-15,13,18,29.39,199.62246,-01,04,21.65,-1.07268,A,2,0.679,0.001,0.6591,0.0002,1.396,0.001,177,27
SDSSJ1318-0313,2009-11-01,13,18,39.33,199.66386,-03,13,34.25,-3.22618,A,2,NaN,NaN,0.23965,0.00005,1.300,0.001,242,17
SDSSJ1319+1504,2009-11-01,13,19,32.49,199.88538,+15,04,26.04,+15.0739,A,2,NaN,NaN,0.15369,0.00004,0.606,0.001,240,15
SDSSJ1320+1644,2009-05-01,13,20,59.17,200.24655095,+16,44,02.5,16.73405341,B,0,4.3,NaN,0.899,NaN,1.502,0.002,NaN,NaN
SDSSJ1321-0115,2011-11-00,13,21,15.86,200.31609,-01,15,18,-1.255,C,1,NaN,NaN,0.10773,0.00003,0.211,0.001,181,11
SDSSJ1322+1052,2008-02-01,13,22,36.41,200.65174316,+10,52,39.4,+10.87761449,A,2,1.03,NaN,0.55,NaN,1.71602,0.002,NaN,NaN
GHO132029+3155,2012-03-01,13,22,48.77,200.703208,+31,39,17.8,+31.654944,A,0,21.5,NaN,0.308,NaN,NaN,NaN,NaN,NaN
RXCJ1327.0+0211,2011-03-01,13,27,01.01,201.754208,+02,12,19.5,+2.205417,A,0,NaN,NaN,0.259,NaN,0.991,NaN,NaN,NaN
SDSSJ1329+2243,2012-03-01,13,29,34.49,202.393708,+22,43,16.2,+22.721167,A,0,10.9,NaN,0.443,NaN,2.040,NaN,NaN,NaN
SDSSJ1330+1810,2008-12-01,13,30,18.64,202.57769261,+18,10,32.1,+18.17559625,A,4,0.97,0.02,0.373,0.001,1.393,0.001,NaN,NaN
SDSSJ1330-0148,2006-02-01,13,30,45.53,202.68971,-01,48,41.62,-1.81156,B,1,NaN,NaN,0.08081,0.00003,0.711,0.001,183,9
SDSSJ1331+3638,2011-04-29,13,31,40.33,202.91804,+36,28,11.96,+36.46999,A,4,0.96,0.04,0.11333,0.00002,0.254,0.001,183,8
SDSSJ1332+0347,2007-01-01,13,32,22.62,203.0942702,+03,47,40.0,+3.79443544,A,2,0.465,NaN,0.191,NaN,1.438,0.002,NaN,NaN
SDSSJ1334+3315,2011-09-01,13,34,01.39,203.50582173,+33,15,34.3,33.25953773,A,2,0.40,NaN,0.557,NaN,2.4178,0.0002,NaN,NaN
LBQS1333+0113,2004-04-01,13,35,34.79,203.89496792,+01,18,05.5,+1.30154919,A,2,0.78,NaN,0.440,NaN,1.571,0.002,NaN,NaN
SDSSJ1337+3620,2011-12-15,13,37,51.31,204.46380,+36,20,18.06,+36.33835,A,2,1.386,0.001,0.5643,0.0001,1.182,0.001,225,35
SDSSJ1339+1310,2009-05-01,13,39,07.13,204.77974079,+13,10,39.6,+13.17767316,A,2,0.853,NaN,NaN,NaN,2.241,0.003,NaN,NaN
CSWA28,2009-12-01,13,43,32.85,205.88688803,+41,55,3.48,41.91763425,A,1,NaN,NaN,0.418,0.001,2.093,0.002,NaN,NaN
SDSSJ1344+3258,2012-01-00,13,44,27.96,206.1165,+32,58,24.6,+32.9735,C,1,NaN,NaN,0.47495,0.00010,0.9777,0.0001,159,18
NSCJ134610+030555,2008-02-01,13,46,03.53,206.514708,+03,09,31.0,+3.158611,A,0,NaN,NaN,0.232,NaN,NaN,NaN,NaN,NaN
SDSSJ1347-0101,2011-02-01,13,47,04.96,206.770667,-01,01,03.52,-1.017644,A,2,0.42,0.01,0.3969,0.0001,0.63,0.01,163,36
SDSSJ1349+3612,2011-12-15,13,49,10.3,207.29292,+36,12,39.74,+36.21104,A,2,0.750,0.001,0.4396,0.0001,0.893,0.001,178,18
SDSSJ1349+1227,2010-04-01,13,49,29.84,207.37435334,+12,27,06.8,+12.45191285,A,2,1.399,NaN,NaN,NaN,1.722,0.002,NaN,NaN
SDSSJ1352+3216,2011-12-15,13,52,18.99,208.07913,+32,16,51.78,+32.28105,A,2,1.823,0.001,0.4634,0.0001,1.034,0.001,161,21
SDSSJ1353+1138,2006-04-01,13,53,06.34,208.27644261,+11,38,04.7,+11.63464297,A,2,0.71,NaN,0.3,NaN,1.6266,0.0002,NaN,NaN
ACSJ135401.12-123450.4,2012-06-15,13,54,01.12,208.504667,-12,34,50.4,-12.580667,C,1,2.95,0.01,NaN,NaN,NaN,NaN,NaN,NaN
Q1355-2257,2006-04-01,13,55,43,208.92917,-22,57,22.000,-22.95611,A,2,2.92,0.01,0.701,0.001,1.373,0.001,NaN,NaN
SL2SJ135649+552707,2011-09-08,13,56,49.33,209.205535,+55,27,7.00,+55.451946,C,4,3.7,NaN,0.46,0.03,NaN,NaN,NaN,NaN
SL2SJ135725+531744,2011-09-08,13,57,25.48,209.356170,+53,17,43.96,+53.295543,B,1,3.5,NaN,0.54,0.02,NaN,NaN,NaN,NaN
SL2SJ135847+545913,2013-07-01,13,58,47.98,209.699917,+54,59,13.0,+54.986944,A,3,1.21,0.04,0.510,0.001,NaN,NaN,NaN,NaN
SL2SJ135947+553538,2011-09-08,13,59,47.26,209.946914,+55,35,37.57,+55.593769,C,2,2.2,NaN,0.87,0.04,NaN,NaN,NaN,NaN
SL2SJ135949+553550,2013-00-00,13,59,49.61,209.956708,+55,35,50.4,+55.597333,A,4,1.14,0.03,0.783,0.001,2.77,0.01,NaN,NaN
MS1358.4+6245,2011-05-01,13,59,50.55,209.960625,+62,31,05.00,+62.518056,A,0,21,3,0.33,NaN,NaN,NaN,NaN,NaN
SDSSJ1400+3134,2009-05-01,14,00,12.77,210.05322186,+31,34,54.1,+31.58170141,A,2,0.79,NaN,NaN,NaN,3.317,0.001,NaN,NaN
SL2SJ140040+560749,2011-09-08,14,00,40.17,210.167373,+56,07,49.41,+56.130390,B,2,3.7,NaN,0.42,0.03,NaN,NaN,NaN,NaN
SL2SJ140110+565421,2011-09-08,14,01,10.46,210.293579,+56,54,20.51,+56.905696,A,4,3.7,NaN,0.53,0.03,NaN,NaN,NaN,NaN
SL2SJ140123+555705,2010-08-18,14,01,23.19,210.3466339,+55,57,5.4,55.9514999,A,1,1.74,0.07,0.5263,0.001,NaN,NaN,NaN,NaN
B1359+154,1999-06-01,14,01,35.53,210.39803,+15,13,25.61,15.22378,A,6,1.71,0.01,NaN,NaN,3.235,0.001,NaN,NaN
SL2SJ140145+530210,2011-09-08,14,01,44.90,210.437088,+53,02,9.62,+53.036006,B,1,3.0,NaN,0.56,0.03,NaN,NaN,NaN,NaN
SL2SJ140156+554447,2011-09-08,14,01,56.39,210.484954,+55,44,46.78,+55.746326,A,2,2.03,0.06,0.464,0.001,NaN,NaN,NaN,NaN
SL2SJ140221+550534,2013-07-01,14,02,21.52,210.589667,+55,05,34.9,+55.093028,A,2,1.23,0.04,0.4122,0.0001,NaN,NaN,262,30
WFC3J140221.89+094520.16,2012-06-15,14,02,21.89,210.591208,+09,45,20.16,+9.7556,C,2,1.04,0.01,NaN,NaN,NaN,NaN,NaN,NaN
SDSSJ1402+6321,2006-02-01,14,02,28.22,210.61757,+63,21,33.48,+63.3593,A,2,1.3468,0.0017,0.20456,0.00004,0.481,0.001,268,15
ACSJ140237.11+542716.4,2012-06-15,14,02,37.11,210.654625,+54,27,16.4,+54.454556,A,1,1.85,0.01,NaN,NaN,NaN,NaN,NaN,NaN
SL2SJ140248+570852,2011-09-08,14,02,47.90,210.699584,+57,08,52.04,+57.147789,C,3,3.2,NaN,1.22,0.04,NaN,NaN,NaN,NaN
SDSSJ1403+0006,2008-08-01,14,03,29.49,210.87287,+00,06,41.36,+0.11149,A,6,0.830,0.004,0.18878,0.00005,0.473,0.001,205,16
ACSJ140339.94+541633.3,2012-06-15,14,03,39.94,210.916417,+54,16,33.3,+54.275917,A,1,0.90,0.01,NaN,NaN,NaN,NaN,NaN,NaN
SL2SJ140352+572350,2011-09-08,14,03,51.68,210.965332,+57,23,50.41,+57.397335,C,1,0.0,NaN,0.51,0.03,NaN,NaN,NaN,NaN
SL2SJ140454+520025,2011-09-08,14,04,54.46,211.226913,+52,00,24.70,+52.006862,A,4,2.55,0.08,0.456,0.001,1.59,0.01,NaN,NaN
SDSSJ1405+0959,2012-01-01,14,05,15.42,211.31425519,+09,59,31.3,9.99202973,A,2,0.99,NaN,0.66,NaN,1.810,0.001,NaN,NaN
SL2SJ140533+550231,2013-07-01,14,05,33.83,211.390958,+55,02,31.1,+55.041972,A,4,1.05,0.07,NaN,NaN,NaN,NaN,NaN,NaN
SL2SJ140546+524311,2013-07-01,14,05,46.22,211.442583,+52,43,11.2,+52.719778,A,4,1.51,0.05,0.526,0.001,3.01,0.01,NaN,NaN
SL2SJ140554+544549,2011-09-08,14,05,54.33,211.476379,+54,45,48.68,+54.763523,A,2,2.8,NaN,0.41,0.03,NaN,NaN,NaN,NaN
SL2SJ140614+520252,2010-08-18,14,06,14.25,211.5593872,+52,02,53.45,52.0481796,B,1,4.36,0.16,0.4798,0.001,NaN,NaN,NaN,NaN
SDSSJ1406+6126,2007-01-01,14,06,24.82,211.60344912,+61,26,40.9,+61.44469838,A,2,0.97,NaN,0.271,NaN,2.133820,0.002,NaN,NaN
SL2SJ140650+522619,2013-07-01,14,06,50.33,211.709708,+52,26,19.1,+52.438639,A,1,0.94,0.03,0.716,0.001,1.47,0.01,NaN,NaN
SL2SJ140814+542908,2011-09-08,14,08,13.82,212.057586,+54,29,8.12,+54.485588,A,2,8.0,NaN,0.48,0.02,NaN,NaN,NaN,NaN
SDSSJ1410+0205,2011-11-00,14,10,17.6,212.57333,+02,05,28.14,+2.09115,C,2,NaN,NaN,0.12674,0.00004,0.734,0.001,169,13
HSTJ14113+5211,1998-08-01,14,11,19.56,212.8315,+52,11,29.0,+52.19139,A,4,NaN,NaN,0.465,0.001,2.811,0.001,NaN,NaN
SL2SJ141121+521210,2011-09-08,14,11,20.53,212.835540,+52,12,9.91,+52.202751,C,1,18.4,NaN,0.52,0.03,NaN,NaN,NaN,NaN
SL2SJ141137+565119,2010-08-18,14,11,37.04,212.9043427,+56,51,19.07,56.8552971,A,1,0.93,0.03,0.3218,0.001,1.420,0.001,228,20
SL2SJ141355+534345,2011-09-08,14,13,55.43,213.480957,+53,43,44.72,+53.729087,C,2,2.4,NaN,0.29,0.03,NaN,NaN,NaN,NaN
SL2SJ141447+544704,2011-09-08,14,14,47.19,213.696624,+54,47,3.59,+54.784332,A,1,14.7,NaN,0.63,0.02,NaN,NaN,NaN,NaN
H1413+117,1988-07-01,14,15,46,213.94167,+11,29,41,+11.49472,A,4,1.35,0.01,2.5197,0.0001,2.55,0.01,NaN,NaN
SDSSJ1416+5136,2008-08-01,14,16,22.35,214.09311,+51,36,30.46,+51.60846,A,5,1.368,0.002,0.29868,0.00007,0.811,0.001,230,22
HSTJ14164+5215,1999-05-01,14,16,25,214.10417,+52,14,31,+52.24194,C,2,NaN,NaN,NaN,NaN,NaN,NaN,NaN,NaN
SL2SJ141645+564216,2011-09-08,14,16,44.52,214.185501,+56,42,16.18,+56.704494,C,1,3.5,NaN,1.29,0.16,NaN,NaN,NaN,NaN
ACSJ141649.81+522951.7,2012-06-15,14,16,49.81,214.207542,+52,29,51.7,+52.497694,B,1,0.34,0.01,NaN,NaN,NaN,NaN,NaN,NaN
ACSJ141657.72+433026.3,2012-06-15,14,16,57.72,214.2405,+43,30,26.3,+43.507306,B,1,0.78,0.01,NaN,NaN,NaN,NaN,NaN,NaN
ACSJ141710.17+433133.2,2012-06-15,14,17,10.17,214.292375,+43,31,33.2,+43.525889,A,1,2.14,0.01,NaN,NaN,NaN,NaN,NaN,NaN
HSTJ14176+5226,1995-11-01,14,17,35.76,214.399,+52,26,45.6,52.446,A,4,1.5,0.1,0.81,0.01,3.4,0.1,NaN,NaN
HSTJ1418+5236,2006-07-01,14,18,20.77,214.586542,+52,36,11.3,+52.603139,A,4,0.67,0.01,0.5798,0.0001,0.9818,0.0001,261,NaN
HSTJ1418+5243,2006-07-01,14,18,33.11,214.637958,+52,43,52.6,+52.731278,A,2,0.83,0.01,0.4625,0.001,NaN,NaN,250,NaN
SL2SJ141912+532611,2011-09-08,14,19,12.17,214.800704,+53,26,11.44,+53.436511,A,1,9.9,NaN,0.69,0.02,NaN,NaN,NaN,NaN
SL2SJ141917+511729,2011-09-08,14,19,17.25,214.821868,+51,17,28.63,+51.291286,A,1,3.11,0.26,0.47,0.03,NaN,NaN,NaN,NaN
SL2SJ142003+523137,2013-07-01,14,20,03.39,215.014125,+52,31,37.8,+52.527167,A,1,1.79,0.09,0.354,0.001,1.41,0.01,NaN,NaN
SDSSJ1420+6019,2006-02-01,14,20,15.85,215.06604,+60,19,14.81,+60.32078,A,4,1.0424,0.0004,0.06291,0.00001,0.535,0.001,199,4
ACSJ142028.48+525541.5,2012-06-15,14,20,28.48,215.118667,+52,55,41.5,+52.928194,B,1,0.61,0.01,NaN,NaN,NaN,NaN,NaN,NaN
WFC3J142030.50+530249.23,2012-06-15,14,20,30.50,215.127083,+53,02,49.23,+53.047008,C,1,0.73,0.01,NaN,NaN,NaN,NaN,NaN,NaN
SL2SJ142031+525822,2013-07-01,14,20,31.80,215.1325,+52,58,22.0,+52.972778,B,1,0.96,0.14,0.380,0.001,0.99,0.01,NaN,NaN
SDSSJ1420+3955,2012-03-01,14,20,40.33,215.168042,+39,55,09.8,+39.919389,A,0,9.9,NaN,0.607,NaN,2.161,NaN,NaN,NaN
SL2SJ142059+563007,2013-07-01,14,20,59.85,215.249375,+56,30,07.4,+56.502056,A,10,1.40,0.04,0.483,0.001,3.12,0.01,NaN,NaN
SL2SJ142103+522943,2011-09-08,14,21,2.56,215.260665,+52,29,42.51,+52.495140,C,1,11.7,NaN,0.18,0.01,NaN,NaN,NaN,NaN
SL2SJ142118+525022,2011-09-08,14,21,18.35,215.326461,+52,50,22.37,+52.839546,B,2,2.8,NaN,0.47,0.05,NaN,NaN,NaN,NaN
ACSJ142158.70+531045.9,2012-06-15,14,21,58.70,215.494583,+53,10,45.9,+53.179417,C,1,0.82,0.01,NaN,NaN,NaN,NaN,NaN,NaN
SL2SJ142258+512439,2011-09-08,14,22,58.34,215.743087,+51,24,39.50,+51.410972,C,1,1.9,NaN,0.74,0.04,NaN,NaN,NaN,NaN
SL2SJ142321+572243,2013-07-01,14,23,21.90,215.84125,+57,22,43.0,+57.378611,A,1,1.30,0.14,NaN,NaN,NaN,NaN,NaN,NaN
MACSJ1423.8+2404,2007-03-01,14,23,47.663,215.948596,+24,04,40.14,24.077817,A,0,20,2,0.543,NaN,NaN,NaN,1300,170
SL2SJ142349+572634,2011-09-08,14,23,49.27,215.955291,+57,26,33.90,+57.442749,C,1,2.2,NaN,0.69,0.06,NaN,NaN,NaN,NaN
B1422+231,1992-11-01,14,24,38,216.15833,+22,56,00.6,+22.9335,A,4,0.66,0.01,0.34,0.01,3.62,0.01,NaN,NaN
SL2SJ142544+570724,2011-09-08,14,25,44.27,216.434463,+57,07,24.47,+57.123462,B,1,4.5,NaN,0.86,0.04,NaN,NaN,NaN,NaN
SL2SJ142608+574524,2011-09-08,14,26,8.04,216.533493,+57,45,23.90,+57.756637,C,1,3.2,NaN,0.39,0.03,NaN,NaN,NaN,NaN
IDCSJ1426.5+3508,2012-07-01,14,26,32.95,216.637292,+35,08,23.6,+35.139889,A,0,NaN,NaN,1.75,NaN,NaN,NaN,NaN,NaN
SL2SJ142731+551645,2013-07-01,14,27,31.28,216.880333,+55,16,45.2,+55.279222,A,4,0.81,0.03,0.511,0.001,2.58,0.01,NaN,NaN
SL2SJ142811+563948,2011-09-08,14,28,10.54,217.043914,+56,39,48.36,+56.663433,C,1,4.1,NaN,0.80,0.28,NaN,NaN,NaN,NaN
SL2SJ142835+521306,2011-09-08,14,28,34.82,217.145080,+52,13,6.44,+52.218456,C,1,5.0,NaN,0.52,0.03,NaN,NaN,NaN,NaN
SL2SJ143001+554648,2011-09-08,14,30,0.65,217.502700,+55,46,47.97,+55.779991,A,4,4.3,NaN,0.55,0.02,NaN,NaN,NaN,NaN
HSTJ143001.28+410440.8,2009-05-01,14,30,1.29,217.505375,+41,04,40.8,+41.07800,A,2,1.31,0.07,0.32,0.01,1.38,0.56,NaN,NaN
SDSSJ1430+4105,2008-08-01,14,30,4.10,217.51704,+41,05,57.10,+41.0992,A,8,1.5194,0.0006,0.28492,0.00008,0.575,0.001,294,30
SL2SJ143140+553323,2011-09-08,14,31,39.77,217.915710,+55,33,22.81,+55.556335,B,1,3.0,NaN,0.71,0.03,NaN,NaN,NaN,NaN
SL2SJ143153+572837,2011-09-08,14,31,52.67,217.969451,+57,28,36.73,+57.476867,C,1,3.5,NaN,0.83,0.03,NaN,NaN,NaN,NaN
SDSSJ1432+6317,2008-08-00,14,32,13.34,218.05560,+63,17,3.77,+63.28438,A,2,1.26,0.01,0.12300,0.00002,0.664,0.001,193,8
SL2SJ143404+512136,2011-09-08,14,34,3.87,218.516128,+51,21,36.07,+51.360019,C,1,2.6,NaN,0.39,0.02,NaN,NaN,NaN,NaN
SL2SJ143435+565920,2011-09-08,14,34,34.69,218.644546,+56,59,20.17,+56.988937,C,1,4.1,NaN,0.57,0.02,NaN,NaN,NaN,NaN
ACSJ143542.20+342841.9,2012-06-15,14,35,42.20,218.925833,+34,28,41.9,+34.478306,C,1,0.96,0.01,NaN,NaN,NaN,NaN,NaN,NaN
SDSSJ1436+3640,2009-11-00,14,36,5.63,219.02345,+36,40,47.17,+36.67977,A,0,NaN,NaN,0.18462,0.00004,0.758,0.001,255,17
SDSSJ1436-0000,2008-08-00,14,36,27.54,219.11476,-00,00,29.2,-0.00811,A,2,1.12,0.01,0.28521,0.00005,0.805,0.001,218,17
WFC3J143703.21+350153.55,2012-06-15,14,37,03.21,219.263375,+35,01,53.55,+35.031542,A,1,0.69,0.01,NaN,NaN,NaN,NaN,NaN,NaN
ACSJ144000.07+313123.5,2012-06-15,14,40,00.07,220.000292,+31,31,23.5,+31.523194,B,1,0.60,0.01,NaN,NaN,NaN,NaN,NaN,NaN
CSWA20,2010-03-01,14,41,49.15,220.4548069,+14,41,20.57,14.68904854,,4,0.4,0.1,0.741,0.001,1.433,0.001,500,1
SDSSJ1443+0304,2008-08-00,14,43,19.62,220.83174,+03,04,8.29,+3.06897,A,1,0.81,0.01,0.13383,0.00003,0.419,0.001,222,11
SDSSJ1446-0248,2006-07-01,14,46,2.63,221.51095,-02,48,27.9,-2.80775,B,2,0.865,0.001,0.20645,0.00005,0.697,0.001,159,14
SDSSJ1446+3032,2009-07-01,14,46,34.02,221.64175,+30,32,58.2,+30.5495,A,0,16.8,NaN,0.464,NaN,NaN,NaN,NaN,NaN
SDSSJ1450+3908,2010-12-01,14,50,30.65,222.62770,+39,08,19.14,39.13865,A,0,4.4,NaN,0.2893,0.0002,0.8613,0.0003,NaN,NaN
SDSSJ1451-0239,2008-08-00,14,51,28.19,222.86745,-02,39,36.43,-2.66012,A,2,1.04,0.01,0.12533,0.00003,0.52,0.01,213,13
SDSSJ1452+33233,2012-01-00,14,52,59.14,223.246417,+33,23,49.4,+33.397056,B,1,NaN,NaN,0.5602,0.0002,1.1896,0.0001,287,38
SDSSJ1455+1447,2010-04-01,14,55,01.91,223.75798284,+14,47,34.8,+14.79300293,A,2,0.853,NaN,NaN,NaN,1.424,0.001,NaN,NaN
SDSSJ1456+5702,2012-03-01,14,56,00.78,224.00325,+57,02,20.3,+57.038972,A,0,13.2,NaN,0.484,NaN,0.833,NaN,NaN,NaN
SDSSJ1503+3225,2012-01-00,15,03,45.69,225.940375,+32,25,42.1,+32.428361,B,2,NaN,NaN,0.6060,0.0003,1.1705,0.0001,NaN,NaN
CSWA24,2009-05-01,15,11,18.74,227.82806483,+47,13,40.34,47.22787249,,3,5.4,0.1,0.4517,0.0003,0.985,0.001,402,44
SDSSJ1515+1511,2012-05-01,15,15,38.59,228.91080753,+15,11,35.8,15.19330263,A,0,0.98,NaN,0.742,NaN,2.054,0.002,NaN,NaN
SDSSJ1521+5805,2011-11-00,15,21,23.85,230.34937,+58,05,50.89,+58.09747,C,1,NaN,NaN,0.20423,0.00004,0.485,0.001,186,15
SBS1520+530,1997-02-01,15,21,44,230.43333,+52,54,48.6,+52.9135,A,2,0.80,0.05,0.761,0.001,1.855,0.001,228,13
SDSSJ1522+2910,2011-12-15,15,22,9.5400,230.53975,+29,10,21.90,29.17275,A,2,0.736,0.001,0.5553,0.0001,1.311,0.001,166,27
SDSSJ1524+4409,2008-02-01,15,24,45.62,231.19009714,+44,09,49.5,+44.16376024,A,2,0.79,NaN,0.320,NaN,1.210,0.001,NaN,NaN
SDSSJ1525+3327,2008-08-00,15,25,6.7,231.27790,+33,27,47.45,+33.46318,A,3,1.31,0.01,0.35829,0.00009,0.717,0.001,303,29
ACSJ152702.08+355726.8,2012-06-15,15,27,02.08,231.758667,+35,57,26.8,+35.957444,C,1,1.73,0.01,NaN,NaN,NaN,NaN,NaN,NaN
ULASJ1527+0141,2012-01-01,15,27,20.13,231.83388016,+01,41,39.6,1.69433497,A,2,1.35,0.01,NaN,NaN,1.4384,0.0002,NaN,NaN
CSWA39,2008-02-01,15,27,45.02,231.93759592,+06,52,33.85,6.87607048,A,1,NaN,NaN,0.39,0.01,2.7593,0.0001,274,28
ULASJ1529+1038,2012-01-01,15,29,38.90,232.41210018,+10,38,03.9,10.63441945,B,2,0.75,0.01,NaN,NaN,1.9709,0.0005,NaN,NaN
SDSSJ1531+3414,2009-07-01,15,31,10.60,232.794167,+34,14,25.0,+34.240278,A,0,11.7,NaN,0.335,NaN,1.096,NaN,NaN,NaN
SDSSJ1531-0105,2008-08-00,15,31,50.07,232.95863,-01,05,45.64,-1.09601,A,2,1.71,001,0.15966,0.00003,0.744,0.001,259,9
ACSJ153234.81+324115.3,2012-06-15,15,32,34.81,233.145042,+32,41,15.3,+32.687583,B,4,1.21,0.01,NaN,NaN,NaN,NaN,NaN,NaN
SDSSJ1537+6556,2010-12-01,15,37,13.2,234.30500,+65,56,20.76,65.9391,A,0,8.1,NaN,0.2595,0.0001,0.6596,0.0001,NaN,NaN
SDSSJ1537+0220,2012-01-00,15,37,30.27,234.376125,+02,20,36.9,+2.343583,C,1,NaN,NaN,0.48252,0.00008,1.0729,0.0001,223,28
SDSSJ1538+5817,2008-08-00,15,38,12.92,234.55384,+58,17,9.82,+58.28606,A,2,1.00,0.01,0.14277,0.00003,0.531,0.001,191,12
SDSSJ1541+1812,2011-12-15,15,41,18.56,235.32734,+18,12,35.14,+18.20976,A,2,0.640,0.001,0.5603,0.0001,1.113,0.001,174,24
SDSSJ1542+1629,2011-12-15,15,42,46.33,235.69306,+16,29,51.76,+16.49771,A,2,1.042,0.001,0.3521,0.0001,1.023,0.001,210,16
HSTJ15433+5352,1999-05-01,15,43,20,235.83333,+53,51,52,+53.86444,A,4,0.588,0.006,0.497,0.001,2.092,0.001,NaN,NaN
SDSSJ1545+2748,2011-12-15,15,45,3.57,236.26489,+27,48,5.29,+27.80147,A,2,1.210,0.001,0.5218,0.0001,1.289,0.001,250,37
MG1549+3047,2003-08-01,15,49,12,237.3,+30,47,16.6,+30.78794,A,1,1.15,0.05,0.111,0.001,1.170,0.001,183,10
SDSSJ1556+3446,2011-11-00,15,56,13.73,239.05721,+34,46,29.89,+34.77497,C,2,NaN,NaN,0.07312,0.00001,0.598,0.001,157,5
B1555+375,1999-08-01,15,57,11,239.29583,+37,21,35.9,+37.35997,A,4,0.24,0.01,NaN,NaN,NaN,NaN,NaN,NaN
SDSSJ1601+2138,2011-12-15,16,01,13.27,240.30531,+21,38,33.86,+21.64274,A,2,0.858,0.001,0.5435,0.0001,1.446,0.001,207,36
B1600+434,1995-05-01,16,01,40,240.41667,+43,16,47.8,+43.27994,A,2,1.4,0.1,0.4144,0.001,1.589,0.001,NaN,NaN
ACSJ160910+6532,2006-11-01,16,09,10.292,242.292883,+65,32,57.38,+65.549272,,1,0.61,0.01,0.4264,0.0001,NaN,NaN,142,32
B1608+656,1995-07-01,16,09,13.96,242.30817,+65,32,28.32,65.5412,A,4,3.9,0.1,0.6304,0.0001,1.394,0.001,260,15
ACSJ160919+6532,2006-11-01,16,09,18.760,242.328167,+65,32,49.72,+65.547144,,1,0.73,0.01,0.6321,0.0001,NaN,NaN,180,51
SDSSJ1611+1705,2011-12-15,16,11,9.8,242.79083,+17,05,26.59,+17.09072,A,2,0.580,0.001,0.4766,0.0001,1.211,0.001,109,23
SDSSJ1614+4522,2008-08-00,16,14,37.74,243.65725,+45,22,53.36,+45.38149,A,0,2.58,0.01,0.17787,0.00003,0.811,0.001,194,13
SDSSJ1618+4353,2006-02-00,16,18,43.1,244.67960,+43,53,27.42,+43.89095,A,4,1.80,0.01,0.19883,0.00006,0.666,0.001,296,24
SDSSJ1620+1203,2010-04-01,16,20,26.14,245.10892899,+12,03,42.0,12.06167583,A,2,1.353,NaN,0.398,NaN,1.158,0.002,NaN,NaN
SDSSJ1621+0607,2012-03-01,16,21,32.36,245.384833,+06,07,19.0,+6.121944,A,0,12.5,NaN,0.342,NaN,4.131,NaN,NaN,NaN
SDSSJ1621+3931,2008-08-00,16,21,32.99,245.38744,+39,31,44.69,+39.52908,A,2,1.29,0.01,0.24480,0.00006,0.602,0.001,228,20
SDSSJ1627-0053,2006-02-00,16,27,46.44,246.94352,-00,53,57.55,-0.89932,A,1,1.23,0.01,0.20758,0.00004,0.524,0.001,286,13
CSWA27,2009-05-01,16,29,54.56,247.47734696,+35,28,39.49,35.47763614,,1,5.8,0.1,0.170,0.001,0.850,0.001,510,1
HSTJ16302+8230,1999-05-01,16,30,12.96,247.554,+82,29,59,+82.49972,C,2,1.47,0.04,NaN,NaN,NaN,NaN,NaN,NaN
SDSSJ1630+4520,2006-02-00,16,30,28.16,247.61733,+45,20,36.31,+45.34342,A,4,1.78,0.01,0.24789,0.00004,0.793,0.001,252,16
HSTJ16309+8230,1999-05-01,16,30,52,247.71667,+82,30,12,+82.50333,C,2,0.76,NaN,NaN,NaN,NaN,NaN,NaN,NaN
SDSSJ1631+1854,2011-12-15,16,31,50.33,247.95970,+18,54,4.07,+18.90113,A,2,1.634,0.001,0.4081,0.0001,1.086,0.001,272,14
SDSSJ1632+3500,2012-03-01,16,32,10.26,248.04275,+35,00,29.7,+35.00825,A,0,14.3,NaN,0.49,NaN,NaN,NaN,NaN,NaN
PMNJ1632-0033,2002-01-01,16,32,57.69,248.240395,-00,33,21.05,-0.55693,B,2,1.83,0.01,1.16,0.01,3.424,0.001,NaN,NaN
FBQ1633+3134,2001-02-01,16,33,48,248.454,+31,34,11.90,31.56997,B,2,2.24,0.01,0.68,0.01,1.5183,0.0002,NaN,NaN
SDSSJ1636+4707,2006-02-00,16,36,2.61,249.01089,+47,07,29.57,+47.12488,A,2,1.09,0.01,0.22820,0.00004,0.675,0.001,223,15
SDSSJ1637+1439,2011-12-15,16,37,14.58,249.31073,+14,39,30.1,+14.65836,A,2,0.650,0.001,0.3910,0.0001,0.874,0.001,208,30
SDSSJ1644+2625,2009-11-00,16,44,43.08,251.17951,+26,25,25.57,+26.42377,A,2,NaN,NaN,0.13682,0.00003,0.61,0.01,225,12
SDSSJ1650+4251,2003-11-01,16,50,43.44,252.6810019,+42,51,49.3,42.8637137,A,2,0.665,NaN,0.577,NaN,1.547,0.004,NaN,NaN
MG1654+1346,1988-09-01,16,54,41,253.67083,+13,46,22,+13.77278,A,2,1.05,0.10,0.254,0.001,1.74,0.01,NaN,NaN
SDSSJ1703+2451,2011-04-29,17,03,41.47,255.92278,+24,51,39.96,+24.8611,A,2,0.93,0.05,0.06287,0.00001,0.637,0.001,163,8
SDSSJ1709+2324,2009-11-00,17,09,38.96,257.41233,+23,24,8.46,+23.40235,A,2,NaN,NaN,0.34689,0.00007,0.719,0.001,246,30
WFC3J171336.64+585640.73,2012-06-15,17,13,36.64,258.402667,+58,56,40.73,+58.944647,C,1,1.43,0.01,NaN,NaN,NaN,NaN,NaN,NaN
WFC3J171736.34+601437.60,2012-06-15,17,17,36.34,259.401417,+60,14,37.60,+60.243778,B,1,2.23,0.01,NaN,NaN,NaN,NaN,NaN,NaN
ACSJ171750.68+593457.5,2012-06-15,17,17,50.68,259.461167,+59,34,57.5,+59.582639,B,1,1.79,0.01,NaN,NaN,NaN,NaN,NaN,NaN
ACSJ171817.43+593146.4,2012-06-15,17,18,17.43,259.572625,+59,31,46.4,+59.529556,A,1,2.35,0.01,NaN,NaN,NaN,NaN,NaN,NaN
SDSSJ1718+6424,2006-02-00,17,18,37.39,259.65580,+64,24,52.27,+64.41452,A,2,NaN,NaN,0.08987,0.00005,0.737,0.001,297,16
SDSSJ1719+2939,2009-11-00,17,19,34.16,259.89234,+29,39,26.35,+29.65732,A,2,NaN,NaN,0.18073,0.00005,0.578,0.001,284,15
Abell2261,2005-07-01,17,22,27.115,260.612979,+32,08,01.76,+32.133822,A,0,NaN,NaN,0.225,NaN,NaN,NaN,NaN,NaN
SDSSJ1723+3411,2010-12-01,17,23,36.16,260.90067,+34,11,58.06,34.19946,A,0,4.7,NaN,0.4435,0.0002,1.3294,0.0002,NaN,NaN
ACSJ173923.28+690706.6,2012-06-15,17,39,23.28,264.847,+69,07,06.6,+69.1185,B,1,1.23,0.01,NaN,NaN,NaN,NaN,NaN,NaN
ACSJ174035.58+690328.1,2012-06-15,17,40,35.58,265.14825,+69,03,28.1,+69.057806,A,1,1.12,0.01,NaN,NaN,NaN,NaN,NaN,NaN
HSTJ18078+4600,1999-05-01,18,07,46,271.94167,+45,59,56,+45.99889,C,2,0.91,NaN,NaN,NaN,NaN,NaN,NaN,NaN
PKS1830-211,1988-03-01,18,33,39,278.4125,-21,03,39.000,-21.06083,A,2,2.13,0.01,0.89,0.01,2.51,0.01,NaN,NaN
PMNJ1838-3427,2000-12-01,18,38,28,279.61667,-34,27,41.000,-34.46139,A,2,3.26,0.01,0.36,0.08,2.78,0.01,NaN,NaN
B1933+503,1998-12-01,19,34,30,293.625,+50,25,23.6,+50.42322,A,10,0.4,0.2,0.755,0.001,1.71,0.01,326,8
B1938+666,1996-02-01,19,38,25.35,294.60563,+66,48,52.7,+66.81464,A,6,0.475,NaN,0.881,NaN,2.059,NaN,NaN,NaN
PMNJ2004-1349,2001-03-01,20,04,07,301.02917,-13,49,30.000,-13.825,A,2,0.57,0.02,NaN,NaN,NaN,NaN,NaN,NaN
MG2016+112,1984-01-01,20,19,18,304.825,+11,27,13.36,+11.45371,A,4,1.97,0.01,1.01,0.01,3.27,0.01,NaN,NaN
WFI2026-4536,2004-05-01,20,26,10.48,306.54367,-45,36,27,-45.6075,A,4,0.6517,0.0007,NaN,NaN,2.23,0.01,NaN,NaN
WFI2033-4723,2004-05-01,20,33,42,308.425,-47,23,43.000,-47.39528,A,4,2.33,0.01,0.66,0.01,1.661,0.003,NaN,NaN
B2045+265,1999-02-01,20,47,20,311.83333,+26,44,01.2,+26.73367,A,4,0.95,0.05,0.8673,0.0001,1.28,0.01,NaN,NaN
SPT2103-60,2013-03-21,21,03,30.90,315.878750,-60,32,40.30,-59.455472,A,0,NaN,NaN,NaN,NaN,4.4357,NaN,NaN,NaN
B2108+213,2005-01-01,21,10,54,317.725,+21,31,00.7,+21.51686,A,2,2.28,0.01,0.3648,0.0001,NaN,NaN,325,25
SDSSJ2111-0114,2009-07-01,21,11,19.34,317.830583,-01,14,23.5,-1.239861,A,0,17.7,NaN,0.638,NaN,2.858,NaN,NaN,NaN
B2114+022,2001-09-01,21,16,50,319.20833,+02,25,46.9,+2.42969,B,4,NaN,NaN,0.3157,0.001,NaN,NaN,110,NaN
SDSSJ2122+0409,2011-12-15,21,22,52.04,320.71684,+04,09,35.53,+4.15987,A,2,1.580,0.001,0.6261,0.0001,1.452,0.001,324,56
SDSSJ2125+0411,2011-12-15,21,25,10.67,321.29447,+04,11,31.56,+4.1921,A,2,1.204,0.001,0.3632,0.0001,0.978,0.001,247,17
MACSJ212919.9-074218,2011-01-01,21,29,19.9,322.332917,-07,42,18,-7.705,A,4,NaN,NaN,0.594,0.001,1.212,0.001,NaN,NaN
MACSJ2129.4-0741,2010-06-01,21,29,26.214,322.359225,-07,41,26.22,-7.690617,A,0,37,2,0.589,NaN,NaN,NaN,1400,200
SPT2132-58,2013-03-21,21,32,43.23,323.180125,-58,02,46.20,-57.953833,A,0,NaN,NaN,NaN,NaN,4.7677,NaN,NaN,NaN
SPT2134-50,2013-03-21,21,34,3.34,323.513917,-50,13,25.10,-49.776361,A,0,NaN,NaN,NaN,NaN,2.7799,NaN,NaN,NaN
SDSSJ2141-0001,2011-11-01,21,41,54.68,325.47783,-00,01,12.32,-0.02009,A,2,0.88,0.09,0.13800,0.00004,0.713,0.001,184,13
SPT2146-55,2013-03-21,21,46,54.02,326.725083,-55,07,54.30,-54.868250,A,0,NaN,NaN,NaN,NaN,4.5672,NaN,NaN,NaN
SPT2147-50,2013-03-21,21,47,19.05,326.829375,-50,35,54.00,-49.401667,A,0,NaN,NaN,NaN,NaN,3.7602,NaN,NaN,NaN
HE2149-2745,1996-11-01,21,52,07,328.02917,-27,31,50.000,-27.53056,A,2,0.85,0.01,0.603,0.01,2.033,0.001,NaN,NaN
SDSSJ2156+1204,2006-07-01,21,56,27.15,329.11314,+12,04,11.75,+12.06993,B,2,1.06,0.01,0.25695,0.00009,1.176,0.001,286,51
CY2201-3201,2006-12-01,22,01,32,330.38333,-32,01,44.000,-32.02889,A,2,0.83,0.01,0.32,0.01,3.90,0.01,130,20
SL2SJ220152+041008,2011-09-08,22,01,51.79,330.465789,+04,10,8.42,+4.169005,B,1,7.3,NaN,0.43,0.04,NaN,NaN,NaN,NaN
SL2SJ220202+014710,2011-09-08,22,02,1.66,330.506927,+01,47,9.57,+1.785991,B,2,5.0,NaN,0.30,0.02,NaN,NaN,NaN,NaN
SL2SJ220329+020519,2011-09-08,22,03,29.03,330.870971,+02,05,18.89,+2.088580,A,2,1.95,0.06,0.400,0.001,2.15,0.01,NaN,NaN
SL2SJ220507+014704,2011-09-08,22,05,6.92,331.278839,+01,47,3.71,+1.784363,A,2,1.66,0.06,0.476,0.001,2.53,0.01,NaN,NaN
SL2SJ220629+005728,2010-08-18,22,06,29.39,331.6224670,+00,57,28.93,0.9580361,A,2,1.55,0.07,0.7044,0.001,NaN,NaN,NaN,NaN
SL2SJ220642+041131,2011-09-08,22,06,42.03,331.675109,+04,11,30.85,+4.191902,B,2,3.7,NaN,0.62,0.03,NaN,NaN,NaN,NaN
SDSSJ2210-0934,2011-11-00,22,10,5.74,332.52393,-09,34,16.03,-9.57112,C,2,NaN,NaN,0.08264,0.00003,1.158,0.001,135,10
SL2SJ221307-003037,2011-09-08,22,13,6.93,333.278869,+00,30,37.05,-0.5102916,A,2,2.8,NaN,0.69,0.02,NaN,NaN,NaN,NaN
SL2SJ221326-000946,2010-08-18,22,13,26.18,333.35908,-00,09,46.3,-0.16286147,A,3,1.07,0.03,0.3378,0.001,3.447,0.001,183,34
SL2SJ221332+004836,2011-09-08,22,13,31.85,333.382720,+00,48,36.14,+0.810038,A,3,4.8,NaN,1.00,0.03,NaN,NaN,NaN,NaN
SL2SJ221407-180712,2010-08-18,22,14,7.69,333.53204,-18,07,12.14,-18.12004,B,1,1.06,0.22,0.6505,0.001,NaN,NaN,167,43
SL2SJ221410-173056,2011-09-08,22,14,9.57,333.539886,-17,30,56.23,-17.5156192,A,1,7.4,0.1,0.83,0.05,NaN,NaN,NaN,NaN
SL2SJ221419+011034,2011-09-08,22,14,18.82,333.578430,+01,10,33.85,+1.176069,B,0,0.0,NaN,0.74,0.08,NaN,NaN,NaN,NaN
MACSJ2214.9-1359,2010-06-01,22,14,57.415,333.739229,-14,00,10.78,-14.002994,A,0,23,2,0.503,NaN,NaN,NaN,1300,100
ACSJ221501.12-135822.9,2012-06-15,22,15,01.12,333.754667,-13,58,22.9,-13.973028,A,1,0.82,0.01,NaN,NaN,NaN,NaN,NaN,NaN
SL2SJ221729-003837,2011-09-08,22,17,29.38,334.372406,+00,38,36.60,-0.6434999,C,2,1.9,NaN,0.78,0.02,NaN,NaN,NaN,NaN
SL2SJ221852+014038,2013-07-01,22,18,52.63,334.719292,+01,40,38.9,+1.677472,B,1,1.38,0.08,0.564,0.001,NaN,NaN,NaN,NaN
SL2SJ221929-001743,2010-08-18,22,19,29.39,334.8724670,-00,17,43.47,-0.2954074,B,1,0.52,0.13,0.2888,0.001,1.023,0.001,263,26
SL2SJ222012+010606,2013-07-01,22,20,12.87,335.053625,+01,06,06.3,+1.10175,C,1,2.16,0.07,0.232,0.001,1.07,0.01,NaN,NaN
SL2SJ222144-005303,2011-09-08,22,21,43.74,335.432250,+00,53,2.89,-0.8841361,A,4,4.7,NaN,0.39,0.02,NaN,NaN,NaN,NaN
SL2SJ222148+011542,2013-07-01,22,21,48.82,335.453417,+01,15,42.7,+1.261861,A,2,1.40,0.05,0.325,0.001,2.35,0.01,NaN,NaN
SL2SJ222217+001202,2013-07-01,22,22,17.63,335.573458,+00,12,02.8,+0.200778,B,1,1.44,0.15,0.436,0.001,1.36,0.01,NaN,NaN
SDSSJ222825.76+120503.9,2016-04-07,22,28,25.7666,337.107361,+12,05,03.9505,+12.084431,A,2,1.28,NaN,0.5305,NaN,2.8324,NaN,255,50
SDSSJ2231-0849,2006-07-01,22,31,8.02,337.78341,-08,49,25.5,-8.82375,B,1,1.08,0.01,0.17473,0.00003,0.597,0.001,223,11
HDFS2232509-603243,1999-03-01,22,32,50,338.20833,-60,32,43.000,-60.54528,C,4,1.6,0.1,NaN,NaN,0.6,0.1,280,NaN
CSWA10,2009-01-01,22,38,31.31,339.63047433,+13,19,55.86,13.33218384,A,10,NaN,NaN,0.413,0.002,1.0,0.1,335,27
SDSSJ2238-0754,2009-11-01,22,38,40,339.66667,-07,54,56.000,-7.91556,A,3,1.82,0.01,0.137,0.001,0.713,0.001,198,11
Q2237+0305,1985-05-01,22,40,30,340.125,+03,21,28.8,+3.358,A,4,1.78,0.01,0.0394,0.0001,1.695,0.001,NaN,NaN
SDSSJ2243-0935,2011-03-01,22,43,19.80,340.8325,-09,35,30.9,-9.591917,A,0,NaN,NaN,0.447,NaN,2.091,NaN,NaN,NaN
SDSSJ2300+0022,2006-02-00,23,00,53.14,345.22143,+00,22,38.06,+0.37724,A,3,1.24,0.01,0.22847,0.00005,0.463,0.001,267,18
SDSSJ2302-0840,2008-08-00,23,02,20.18,345.58409,-08,40,49.44,-8.6804,A,2,NaN,NaN,0.09012,0.00002,0.222,0.001,239,8
SDSSJ2303+1422,2006-02-00,23,03,21.72,345.84052,+14,22,17.94,+14.37165,A,3,1.62,0.01,0.15529,0.00005,0.517,0.001,249,15
ACSJ230325.68+085212.6,2012-06-15,23,03,25.68,345.857,+08,52,12.6,+8.870167,A,1,0.72,0.01,NaN,NaN,NaN,NaN,NaN,NaN
SDSSJ2303+0037,2011-12-15,23,03,35.17,345.89654,+00,37,3.18,+0.61755,A,4,1.016,0.001,0.4582,0.0001,0.936,0.001,274,31
SDSSJ2321-0939,2006-02-00,23,21,20.94,350.33723,-09,39,10.26,-9.65285,A,2,1.60,0.01,0.08185,0.00002,0.532,0.001,239,8
B2319+052,2000-02-01,23,21,40,350.41667,+05,27,36.4,+5.46011,A,2,1.36,0.01,0.62,0.01,NaN,NaN,NaN,NaN
PSS2322+1944,2002-05-01,23,22,07,350.52917,+19,44,22.99,19.73972,B,2,1.81,0.01,1.23,0.01,4.1199,0.0001,NaN,NaN
SDSSJ2341+0000,2008-08-00,23,41,11.57,355.29822,+00,00,18.65,+0.00518,A,4,1.44,0.01,0.18595,0.00003,0.807,0.001,224,14
SDSSJ234248.68-012032.5,2016-04-07,23,42,48.6841,355.70285,-01,20,32.5351,-1.342371,A,4,1.11,NaN,0.5270,NaN,2.2649,NaN,274,43
ULASJ2343-0050,2008-06-01,23,43,11.93,355.79974989,-00,50,34.3,-0.84287291,A,2,0.58,NaN,0.3,NaN,0.788,0.001,NaN,NaN
SDSSJ2343-0030,2009-11-00,23,43,58.87,355.99529,-00,30,22.39,-0.50622,A,4,NaN,NaN,0.18073,0.00003,0.463,0.001,256,11
SDSSJ2347-0005,2006-02-00,23,47,28.08,356.86701,-00,05,21.26,-0.08924,B,1,NaN,NaN,0.4167,0.0001,0.714,0.001,407,57
ACSJ235130.60-261459.7,2012-06-15,23,51,30.60,357.8775,-26,14,59.7,-26.249917,A,1,3.32,0.01,NaN,NaN,NaN,NaN,NaN,NaN
