bestObjId,z,ra,dec,spectroFlux_u,spectroFlux_g,spectroFlux_r,spectroFlux_i,spectroFlux_z
1237659133281435819,0.6466451,213.87773,52.077649,14.3533,15.97616,15.69047,18.494,19.50929
1237659133281435819,0.6466451,213.87773,52.077649,13.27201,15.6499,15.27228,17.70325,18.78397
1237659133281435819,0.6466451,213.87773,52.077649,9.974339,14.21601,14.82882,17.94321,19.87938
1237659133281435819,0.6466451,213.87773,52.077649,14.58635,17.43469,17.28852,19.59806,19.85646
1237659133281435819,0.6466451,213.87773,52.077649,11.73259,14.34643,14.57302,16.99468,17.82553
1237666301627531643,1.288232,46.266283,0.639931,0.829446,2.720441,5.885588,7.591463,8.336221
1237665330380275790,1.288232,161.10636,30.269099,5.737971,7.589856,13.05027,14.44956,15.09728
1237678790282248489,1.288232,30.171038,25.113424,0.711316,2.719579,5.490814,4.974101,4.489259
1237663783132660497,1.288232,20.635998,-0.77607615,0.1361539,1.255027,1.96231,2.121431,1.93783
1237679338958946469,1.664873,36.741349,-7.3885538,4.885127,6.902017,7.619576,9.919012,10.25368
1237661949195190492,1.664873,218.374,9.8847636,14.57975,19.54415,20.86003,27.43093,26.49206
1237651539239436680,1.664873,137.94156,59.093242,4.034869,8.260242,9.011893,11.34222,10.55094
1237657628987228410,1.664873,166.27706,50.75759,2.628823,1.687565,1.809804,2.439274,2.006285
1237655746707325557,1.675672,266.20602,53.91955,4.755323,7.584087,10.23686,14.18493,15.50234
1237651273489580658,1.675672,112.70154,37.271182,5.302876,8.505206,10.32875,13.99451,15.91898
1237660956495446750,1.675672,120.9026,22.269548,-0.1423648,0.5773246,0.2673227,-0.1493176,-1.072529
1237665128537850416,1.675672,168.15031,33.850945,0.2067773,0.7313902,0.2909132,0.5376913,0.2128938
1237668273509892159,1.972259,204.56067,20.041024,22.64152,34.85989,37.52743,49.06291,58.47775
1237667781744197964,1.972259,144.53069,16.708267,15.7331,8.613337,8.15955,8.580825,9.031738
1237666275812704673,1.972259,21.806347,24.684113,3.162951,2.44353,2.675757,3.273538,3.953012
1237657190904889593,1.972259,359.32076,-0.18581881,3.475647,1.648922,2.014129,2.398348,1.915225
1237663784208433246,2.031811,25.202871,0.087349271,4.633801,1.832821,2.1222,2.563485,3.505668
1237671260660433450,2.031811,130.35357,9.7301685,1.091012,0.9223697,0.9842892,1.467152,1.487212
1237654653106847885,2.031811,140.04931,51.165909,49.88746,28.92253,32.29646,39.05724,49.97829
1237661417676144899,2.031811,214.71471,53.796667,1.58078,1.195671,1.24063,1.642866,2.655363
1237678618490569045,2.136753,357.70497,2.0909623,2.989471,2.920263,3.990184,4.981325,7.243328
1237651752926642429,2.136753,157.3373,1.524626,4.190639,3.480051,4.492658,5.136478,6.571052
1237659325497279110,2.136753,254.99368,30.577275,2.494947,1.371358,1.209881,1.30422,1.170389
1237657874865193103,2.136753,138.49665,40.09323,0.4595196,1.857204,1.886055,2.089538,3.058928
1237657606966477096,2.168838,136.93026,45.318185,5.335917,3.507165,2.991923,3.921269,4.909732
1237665548352946302,2.168838,215.11835,23.499316,10.02736,11.06832,15.58024,20.12808,29.40809
1237660343393845543,2.168838,131.42807,32.542195,3.479096,3.923027,4.675735,5.019533,6.273732
1237661387067883824,2.168838,213.10721,54.128232,1.688042,2.420899,3.484394,4.975537,8.335536
1237666184031699577,2.168838,349.22498,25.899962,4.002046,7.633233,8.196033,7.668668,8.739825
1237666091129766350,2.173949,18.227559,24.774083,1.606325,2.866845,3.108902,2.860769,5.213803
1237667321644712574,2.173949,180.75427,26.255081,0.7813126,1.514108,1.744375,1.748572,2.738981
1237665329862476012,2.173949,211.72865,29.385531,2.87941,4.324607,4.757451,5.342348,6.804661
1237671140407575045,2.173949,177.21818,0.28351494,2.311187,2.677005,2.37651,2.103853,0.6985343
1237661151918489921,2.173949,206.59251,48.404593,1.839034,2.473258,3.291259,3.231645,3.798356
1237658203445985498,2.17468,212.28215,45.530477,2.516911,2.294407,2.089511,2.387081,2.891362
1237667211602952811,2.17468,184.43388,30.178945,1.205606,1.519841,1.910519,1.87043,1.960113
1237678790280806553,2.17468,26.63107,25.799857,14.63603,13.56594,14.65278,14.74122,18.016
1237679321776193888,2.17468,8.82403099999999,-6.0940014,6.547633,7.477137,9.002764,9.775016,11.08969
1237678620105638055,2.17468,7.82365759999999,3.541892,5.365927,9.270358,16.64647,21.5055,30.37534
1237665369034850425,2.175014,144.75633,26.242909,3.421319,2.074798,2.305614,2.528598,3.855293
1237663784215577285,2.175014,41.583849,0.0024984,-0.1544781,0.6714152,0.962559,1.229862,2.148568
1237661418212753606,2.175014,214.20109,54.483604,6.138556,5.302721,5.9254,5.913824,7.34495
1237658611984564339,2.175014,181.93324,49.270065,16.30652,19.84893,23.84666,27.29619,34.76326
1237664094509990408,2.184042,129.77806,26.728596,1.23922,2.077062,1.992865,2.122706,2.578827
1237662300823748971,2.184042,212.58761,48.207929,6.253301,5.369192,5.351206,5.20296,6.260738
1237679459747496269,2.184042,8.56544860000002,19.445497,1.021797,2.548265,2.356792,3.054706,4.568253
1237680070175097004,2.184042,19.264168,24.272705,12.39669,9.76617,8.675088,8.276919,9.33784
1237679254136488218,2.189334,38.834008,-4.3651006,1.843725,2.230649,1.691311,1.271365,-0.02396244
1237667734526492723,2.189334,227.39652,16.473978,29.95468,40.30047,53.85155,57.89113,68.9145
1237668272432480586,2.189334,195.64036,19.968934,2.827085,2.881297,2.996052,3.184577,4.246097
1237661872944775389,2.189334,198.87527,44.224571,3.519349,5.355539,9.562548,11.79861,16.99383
1237679461900878216,2.189334,22.980346,20.318978,-1.405328,1.391327,1.726662,2.088622,2.71986
1237657191445889247,2.194128,8.72012469999999,0.23110019,10.95365,10.85281,10.21926,10.09501,12.34678
1237658422487023763,2.194128,175.99092,6.5032003,27.43889,19.56525,21.92307,25.64306,31.86897
1237678879422153054,2.194128,27.824397,-3.2959666,6.205242,8.506579,11.51525,16.95856,26.90725
1237661070335869090,2.194128,182.47437,15.535983,18.86932,19.712,20.59072,21.93186,27.81916
1237666340797481216,2.198725,11.731219,1.1693544,1.459877,2.431859,5.028499,6.627235,9.493371
1237661873468146544,2.198725,156.37539,41.855075,0.6235301,1.341435,1.401781,1.573383,2.420327
1237665129075704053,2.198725,170.71849,34.738806,0.9116328,0.8360068,1.035482,1.322331,2.725611
1237648722282283578,2.198725,129.26143,0.76432876,4.581781,4.709852,4.584977,4.891137,7.10172
1237663783140065378,2.203318,37.444049,-0.65173799,3.139996,4.466697,6.160179,7.833285,12.57044
1237679318551625974,2.203318,358.04181,9.8973126,3.41206,4.712968,5.865502,5.80913,7.297168
1237680332709036353,2.203318,347.26932,28.96324,8.093824,10.08995,10.53644,10.21611,11.68217
1237657628450947243,2.203318,168.65523,50.579396,18.55298,22.18925,37.46282,56.69821,75.02232
1237648704045973875,2.204055,196.63687,-0.24241603,6.536007,8.591241,10.11795,11.29609,13.85429
1237663457240351495,2.204055,318.83709,-0.23374169,1.941056,3.480125,4.815818,5.402614,6.479046
1237668494699594015,2.204055,155.72775,14.732508,-0.5204774,1.186016,1.077073,1.334535,1.616159
1237678907322007800,2.204055,6.0359464,10.614236,1.919255,2.785246,3.11465,3.650023,5.191631
1237651752918647029,2.204793,139.08945,1.0042864,17.13739,20.73493,29.08003,32.68274,42.46723
1237651271896203372,2.204793,161.1101,64.899057,7.288565,12.88065,16.35952,19.05538,25.1818
1237674473291776186,2.204793,174.24983,58.991324,1.54589,2.44738,3.173784,3.252772,4.191254
1237679541362229613,2.204793,25.648184,20.346378,3.361075,6.112683,7.303624,7.878175,10.49189
1237662225152540773,2.209963,217.29258,35.496348,22.27021,24.931,31.40447,34.45503,40.49654
1237662305656963697,2.209963,225.85811,33.902508,1.94781,2.376914,2.40498,2.583026,3.271799
1237666088978743567,2.209963,18.903814,16.540338,7.117545,9.806744,12.16235,13.46856,16.85096
1237657857684275495,2.209963,182.34019,53.125843,2.752655,2.976363,3.342896,4.146873,6.338091
1237655370358390901,2.209963,168.07275,61.824136,8.952108,12.43316,17.58777,25.45027,44.50896
1237663782602998152,2.214401,37.000123,-1.2046184,2.107191,2.009763,2.596588,3.390996,7.192605
1237655177081913801,2.214401,135.7996,-1.6144168,4.911747,7.491257,7.155088,6.670357,8.753196
1237648703507071284,2.214401,191.95247,-0.69833853,1.777511,3.502393,3.44305,2.937741,2.478073
1237654604784664984,2.214401,150.4418,3.5111187,-0.6856684,1.676152,1.339948,1.107069,0.8557916
1237659120933273680,2.215141,214.7739,52.210578,3.138892,3.255137,3.485679,3.219855,3.165051
1237653613722927345,2.215141,143.26673,55.558716,2.297553,2.125408,1.921264,1.836018,1.173366
1237679435590926666,2.215141,357.08789,-1.9394498,2.767825,5.026057,5.489039,5.773149,7.789904
1237678622767644950,2.215141,7.85492090000002,4.922113,4.03756,6.444954,7.255482,8.29287,12.37096
1237671125375123561,2.216528,143.62111,14.380874,11.34325,14.69135,17.5026,17.9428,21.41623
1237657220414505525,2.216528,169.86989,55.853869,1.228358,2.726034,2.730549,3.818976,5.288099
1237661416064877036,2.216528,211.79385,53.23268,1.495463,1.759966,1.854107,1.747608,1.74971
1237659132744630577,2.216528,214.00673,51.737393,1.839456,2.007772,1.635153,1.538861,0.824885
1237652901822070993,2.220327,0.572542769999984,-9.0937116,1.279926,5.821121,7.019531,8.956491,11.61235
1237668313772458229,2.220327,207.95839,15.137809,5.991843,6.827516,9.102379,10.68311,14.34315
1237662263779983773,2.220327,215.06324,8.8020326,-0.004165985,1.12305,1.24799,1.686645,2.110233
1237668288549355798,2.220327,161.3826,17.827003,5.592821,6.810308,6.954933,7.319484,9.450246
1237680075540660728,2.220327,16.503066,27.489947,2.444923,4.941958,5.806094,6.071193,6.804824
1237680310695625089,2.222553,8.77080039999998,32.068746,3.980596,3.679649,2.521634,2.594177,2.675153
1237662642271027827,2.222553,247.81936,25.604994,4.053922,4.109678,4.701517,4.990921,7.273741
1237678598078202239,2.222553,331.99442,2.9245989,6.938503,9.678636,11.68593,13.46313,17.3478
1237661972251214063,2.222553,166.40244,7.5713327,4.306376,5.564963,6.507157,6.491503,8.085872
1237657629529014499,2.225522,184.13397,52.667967,2.130821,3.540045,5.312442,7.824095,11.51114
1237678619569553501,2.225522,9.70283819999997,3.0861238,23.21355,29.27536,28.82209,31.25706,39.34365
1237667107429548378,2.225522,132.95887,20.510288,13.40211,20.72231,22.82972,24.73792,31.00988
1237668270834581825,2.225522,225.46324,14.506169,2.461749,4.028883,5.671585,7.860699,12.40123
1237662301371892207,2.227008,242.01115,34.608981,1.799164,2.671595,2.843336,2.831317,4.521708
1237678597001380285,2.227008,324.90521,1.8651627,6.912575,10.09214,14.5176,21.04392,30.40545
1237662239088705770,2.227008,212.06993,10.017304,7.67959,7.138405,7.410774,8.885596,12.09095
1237680305331830996,2.227008,355.95418,26.236176,9.686337,14.97614,21.94986,27.96468,39.2016
1237662300822634761,2.227008,208.83858,48.922855,5.083209,7.56852,9.07611,9.177601,11.15834
1237662226223006180,2.227008,208.67153,38.504277,0.9486517,2.699637,3.319665,4.405208,7.184922
1237648720152428883,2.229206,169.63721,-0.86869021,7.829779,7.043007,5.924737,5.841624,6.636694
1237657855537905864,2.229206,186.43337,51.579806,4.031344,4.223715,3.771289,4.719176,6.651814
1237661417675555119,2.229206,212.76083,54.304901,3.964966,5.810112,5.463662,5.373967,6.815535
1237679322325320107,2.229206,36.956113,-4.9904988,2.047903,2.744689,3.667381,4.075965,6.625011
1237679996629811726,2.232213,354.99573,-3.1527348,1.463505,3.290902,3.818764,4.748522,6.040027
1237678906240991606,2.232213,349.23778,9.419606,2.096264,3.955398,3.762258,4.278381,5.258623
1237654610145902882,2.232213,205.59235,63.541355,2.46855,5.775557,10.76107,12.85024,17.1371
1237658801505566970,2.232213,202.13918,53.354948,0.04373451,2.338088,3.017604,3.774343,5.260252
1237658800970072314,2.239664,206.93285,52.178926,9.695913,12.41127,13.14276,12.48069,13.98415
1237664670051926311,2.239664,172.09333,40.531786,1.582393,1.493391,2.025951,2.324708,2.614563
1237657071157510465,2.239664,23.779896,0.39836127,6.665338,10.46978,12.36121,12.9296,16.83091
1237680444908045794,2.239664,329.50045,25.87974,-0.8688488,1.054645,1.287616,1.417454,1.66419
1237680192042173198,2.239664,320.83914,-2.6318281,2.078297,3.570072,4.245425,5.071954,7.334647
1237657632724746665,2.24041,141.55806,47.833556,2.646097,4.725368,4.735008,4.277585,4.795628
1237678906782842911,2.24041,0.732278790000009,10.115592,9.456355,18.4815,25.50699,27.79393,33.54398
0,2.24041,215.26651,52.620148,0.8772977,2.032808,2.545763,2.220029,2.284408
1237680243060244560,2.24041,358.14875,-7.0026454,9.589456,9.540135,13.16295,16.62641,21.50566
1237648702979178883,2.243451,212.49115,-1.1939136,3.786954,4.402102,4.089067,4.368135,7.62257
1237679317479916060,2.243451,2.78814449999999,8.9769586,0.7397465,1.555151,1.827921,2.527944,3.665989
1237664132094558423,2.243451,167.43214,14.544658,9.455381,12.3228,10.69652,10.2581,13.10382
1237680272041050759,2.243451,344.55754,21.00485,0.808526,1.437499,1.91632,2.025252,2.380456
1237668350829200118,2.244143,235.73181,12.309393,1.845179,1.500322,2.833053,3.511851,4.718877
1237651190280815186,2.244143,124.414,45.373813,1.055358,1.269523,1.242302,1.74958,2.499878
1237657628991554091,2.244143,182.07684,52.137271,0.3793785,1.228488,1.422227,1.749891,2.827194
1237661382772916364,2.244143,147.07959,35.602194,6.451903,11.06463,19.35854,24.14005,32.95917
1237668289076920638,2.24489,139.53561,14.133779,1.531785,2.570843,2.95882,3.442799,3.809341
1237651752402485531,2.24489,186.35301,1.2918703,4.477279,6.892742,7.393626,7.903775,11.57963
1237664852575650181,2.24489,228.23201,28.607949,1.662027,2.464734,2.448435,2.77902,4.002031
1237662306203206402,2.24489,246.97626,22.900869,1.304807,1.9972,2.443912,2.781378,4.104982
1237663278461026636,2.24489,351.79135,0.89248376,2.068553,2.582896,2.603624,3.035522,5.037503
1237666214610075927,2.25237,19.037341,21.799402,3.515179,5.12203,5.804871,6.192168,7.545915
1237656495114354962,2.25237,1.61345799999998,14.596887,1.079685,1.587618,1.565381,1.340851,1.295478
1237679502707786158,2.25237,358.84398,19.099155,1.375751,4.33601,4.454962,4.968318,6.018843
1237666214610075927,2.25237,19.037344,21.799402,2.353584,3.124127,3.16799,3.121712,3.658005
1237660669283860905,2.256117,161.58737,10.810848,2.187001,3.859222,5.234014,5.238071,6.398128
1237679318016852123,2.256117,2.91006909999999,9.4423464,3.309277,5.421906,7.434289,9.248769,14.7034
1237680474973537679,2.256117,326.85363,27.326887,-0.4294455,1.239635,1.503821,1.730608,2.201533
1237658203963719944,2.256117,149.40257,43.531876,2.370349,3.284056,2.738732,2.046441,2.320533
1237651274032677168,2.257617,122.403,49.689843,1.885689,3.652807,4.14816,3.979159,4.148263
1237663784200700212,2.257617,7.4939597,0.19023817,2.971994,3.677783,3.659934,4.006237,4.544462
1237660615048953981,2.257617,173.50451,10.507683,11.35311,16.46665,17.85022,17.80983,22.13713
1237665226776379632,2.257617,205.88441,30.657292,2.176687,3.183592,3.680759,4.049699,4.843741
1237661353776775483,2.257617,167.12202,56.796952,1.061832,1.855708,1.779467,1.617175,2.043835
1237679454923391567,2.259868,355.9033,16.044329,1.632058,3.159068,4.589734,4.850841,6.082882
1237657589248884912,2.259868,182.01366,54.108423,6.761944,9.181131,10.58648,10.3258,11.90357
1237667485382738411,2.259868,139.18084,17.480567,-1.123502,-0.1827413,3.170679,7.876848,12.53263
1237679435060740318,2.259868,12.434587,-2.4297032,3.595161,5.376014,7.107403,7.297641,8.117837
1237661086953177631,2.266996,118.15341,19.823922,4.106318,6.456613,6.953266,7.307661,9.227799
1237667910585745572,2.266996,166.29669,23.121687,2.500083,3.626467,3.54686,3.912679,5.469103
1237660612902977723,2.266996,176.96171,9.0544396,1.831878,3.422601,3.93346,4.132411,5.372939
1237658614125756526,2.266996,159.85651,48.096105,14.93081,17.81929,14.82457,15.97515,21.30986
1237678879929139629,2.268202,319.39248,-2.2381946,7.100256,13.89793,15.85631,17.95959,22.35376
1237671765324399004,2.268202,190.40995,2.2763032,2.847928,3.832479,4.380858,5.223432,6.673424
1237671264423903716,2.268202,192.77261,2.1020065,-0.1818125,1.026196,0.74702,0.6575813,0.9048873
1237678597015732415,2.268202,357.68449,2.462235,4.509425,10.03233,11.24291,12.23489,16.29355
1237648721236787585,2.271147,193.87147,-0.0055035879,2.632642,4.562276,5.819314,5.395247,5.546284
1237678825176892226,2.271147,338.29381,4.5470364,1.031959,1.246837,0.9740216,1.140941,1.798463
1237680271500837389,2.271147,336.48125,19.550239,5.121705,8.370458,8.412224,8.95023,10.72129
1237660634387710628,2.271147,166.04456,45.025701,0.6566561,1.674534,1.482773,1.753654,2.288896
1237653614260977773,2.274051,146.77965,57.407197,11.21278,15.04077,16.52661,17.98456,22.01424
1237664092366307513,2.274051,139.3612,29.498557,5.333757,8.695904,9.508317,9.747401,10.7396
1237680285459612194,2.274051,22.050175,29.217773,0.9122016,1.475028,1.441329,1.038999,2.425486
1237661386531471606,2.274051,214.53221,53.298339,3.60023,3.374705,3.540932,3.170835,3.221462
1237651251522241254,2.28322,257.86844,33.131112,12.98509,16.58927,20.1045,22.57358,28.34619
1237664668426961237,2.28322,134.91872,28.149482,1.422121,2.242995,1.977682,2.019459,1.542303
1237665566073684642,2.28322,222.92336,20.135577,2.459222,2.48966,1.521648,2.205837,3.049335
1237665329312956575,2.28322,178.14918,31.576011,2.945627,2.722762,3.075535,3.330908,3.306866
1237665441514062066,2.287002,190.38181,29.502194,7.527478,8.71937,9.304692,9.350146,11.50399
1237678661978947820,2.287002,41.410044,4.1262966,3.037379,7.646869,11.85284,14.70675,21.03015
1237667783885455630,2.287002,129.89774,14.284368,15.92668,26.49671,34.6453,49.68501,70.69654
1237657595682357799,2.287002,115.25715,29.619961,4.570357,5.806319,5.082869,4.241619,2.896873
1237664106851992489,2.287002,149.03596,12.887317,0.3462611,1.146467,1.072631,1.124805,1.482257
1237658424618975914,2.287002,140.28912,6.0402449,3.303325,4.995279,6.13782,7.033149,8.620751
1237658298983973631,2.287002,128.37936,3.8932103,2.724555,3.118881,2.978627,3.497029,5.467607
1237678879421759758,2.295338,26.893502,-3.2712613,3.825313,6.129658,7.746972,7.869759,10.50917
1237655464308441692,2.295338,198.73811,61.518916,0.7343415,0.9270884,0.697579,0.6447213,1.08304
1237665225695494396,2.295338,186.80844,31.566313,2.224586,4.370765,3.616199,4.430137,6.274757
1237664871899463919,2.295338,147.67206,33.39905,3.097605,5.291609,6.604105,7.792721,11.42724
1237651755084087766,2.302935,180.00151,3.351477,1.130788,1.760648,1.709618,1.856459,2.214145
1237667550344839403,2.302935,164.20527,23.347214,3.624706,4.272174,4.966766,5.336666,6.459774
1237655106763817185,2.302935,169.59978,57.891131,2.422639,4.521358,4.21688,4.226633,5.564296
1237651192434721006,2.302935,138.85361,57.187108,2.492496,4.997594,7.607049,8.119962,9.968375
1237661150843764963,2.302935,202.9789,48.348451,2.314684,2.595887,3.020402,3.130654,3.53029
1237679254132752639,2.308263,30.148838,-4.5924457,1.677591,2.515835,2.651418,2.714551,2.465488
1237660634924122288,2.308263,164.56711,44.99637,3.774259,4.100935,5.109073,6.200533,8.556947
1237651250428117231,2.308263,199.95088,63.691398,2.406054,5.869955,7.025481,7.820298,10.68945
1237657627920826663,2.308263,193.11082,51.064748,7.336689,7.09473,9.088626,9.242501,10.55072
1237664294754910409,2.310549,189.17617,39.906782,5.751089,5.103158,5.492916,5.460255,6.995958
1237660669268590899,2.310549,126.62418,5.8753048,7.470186,12.23563,14.03374,14.05198,15.99691
1237667442435686566,2.310549,188.81605,26.930827,5.630042,9.192409,11.13766,11.10275,12.57696
1237657611260592330,2.310549,158.01706,53.82443,2.839401,5.068155,6.227045,6.27944,8.219724
1237652942099382737,2.324298,354.79829,13.913644,2.215699,3.28987,3.965167,4.217064,4.374343
1237653664720028229,2.324298,145.57794,1.8755092,1.072595,2.755915,2.292226,2.096618,3.359864
1237678542239433443,2.324298,358.75845,25.629074,1.636946,1.619199,1.785559,1.844801,2.172448
1237666276352983497,2.324298,30.281494,23.780841,1.554416,4.730511,4.820755,5.007548,5.668827
1237678859533025846,2.324298,331.32619,10.716007,6.977344,8.677602,11.68583,13.1445,16.47523
1237678596484432166,2.324298,10.47921,1.9726964,3.189177,3.608771,2.574841,1.779819,0.8767465
1237654627325313464,2.324298,118.47792,34.92696,1.197014,1.523314,1.444154,1.653775,2.24659
1237651271893975243,2.324298,150.87746,62.528344,9.870195,19.08283,22.46023,27.54226,35.20655
1237679324466184349,2.327362,21.703638,-3.7786869,4.476583,6.832894,9.13068,10.1436,14.63037
1237664093433562090,2.327362,124.60758,22.713343,2.937911,3.473314,3.624604,3.539613,3.955636
1237662268070953178,2.327362,220.77468,6.429004,5.889129,10.95287,12.00418,12.25806,14.72053
1237657591386407072,2.327362,145.96828,48.795757,9.092201,13.59401,15.31548,15.67875,21.11463
1237652900226138322,2.332729,34.445822,-9.0305668,2.09026,5.002283,6.334188,6.481545,6.887864
1237667912216150294,2.332729,215.70098,22.456008,2.33965,6.16364,9.66264,10.06277,11.21796
1237668288546013309,2.332729,153.46409,16.701994,15.4314,23.91287,28.37731,28.58385,32.36885
1237661971725877571,2.332729,193.0039,7.4331732,2.410216,4.649258,4.871161,5.897104,8.451432
1237651251509199016,2.339643,230.88896,56.467459,9.823399,14.48356,18.63698,20.55899,26.29514
1237661949717250624,2.339643,184.0236,12.331055,1.84225,3.348302,3.609767,3.29227,3.513474
1237662306203009171,2.339643,246.526,23.208477,-0.3178104,0.9777722,1.181768,1.705469,2.535866
1237660634384302510,2.339643,155.77901,42.548095,1.42628,1.305782,1.460869,1.289485,1.499169
1237660634921697499,2.339643,157.07288,43.340668,2.94092,5.396969,8.989259,10.74002,13.65018
1237670965376386729,2.34195,119.58271,8.7935475,0.7463054,1.188113,1.171606,1.268787,0.4353501
1237651540320190563,2.34195,168.41967,67.852491,0.8887936,4.808649,3.935624,3.603594,4.245084
1237671141482824040,2.34195,178.00179,3.7365011,3.567768,8.434005,10.39502,12.26331,16.23227
1237654601566257449,2.34195,156.53174,4.4718305,2.033603,5.842556,5.762764,6.998802,12.29019
1237665427557515730,2.34195,206.69977,27.246452,0.9663081,2.398129,2.65541,2.476539,2.331239
1237666275809820911,2.34195,14.526125,25.132443,4.679792,6.621011,5.706474,5.055817,5.66315
1237655463771111433,2.352741,196.39182,61.298338,28.03868,44.63102,52.04792,55.65168,66.9922
1237655691400511915,2.352741,215.57885,-2.8807108,2.711336,6.214474,8.309403,9.964568,15.20179
1237655742403117452,2.352741,213.20852,5.4078029,2.33391,7.023561,5.007316,5.506407,8.578509
1237661811195838700,2.352741,172.7537,10.995291,2.879119,5.223526,4.915322,5.347394,6.77677
1237680076082446982,2.352741,29.075376,26.43384,-0.2749156,2.306017,4.188695,6.466256,9.789392
1237661149769302200,2.352741,200.36946,47.883324,2.355988,1.468716,1.642871,1.621953,1.674451
1237663783140065920,2.355058,37.496441,-0.76629198,0.712546,0.7472348,1.020381,1.176429,2.253482
1237657071693660396,2.355058,22.089419,0.71335301,0.1506502,1.769986,2.127342,2.366452,2.681267
1237657192515306122,2.355058,358.85822,1.0660315,0.3384846,2.392106,2.911615,3.014418,3.489827
1237679318018556608,2.355058,6.9369901,9.3907174,0.1217852,1.917755,2.226698,2.607233,3.8278
1237680499138822799,2.355058,342.01235,32.005711,13.40935,25.35812,25.89157,25.23584,31.24624
1237661852006154324,2.355058,184.49519,45.728692,6.346694,10.75116,13.07425,13.55122,16.98154
1237657190910591187,2.358149,12.28029,-0.040258995,2.172624,3.116401,3.788403,3.576592,2.739932
1237661149765894348,2.358149,188.61115,48.754137,3.165086,6.63881,7.311744,7.792855,9.370776
1237661957226627448,2.358149,219.55685,45.759779,1.280691,2.752193,4.224468,5.860289,9.270366
1237658424627167856,2.358149,159.06982,7.3987373,1.654948,2.243414,2.506236,2.763141,5.928483
1237671934429954516,2.359696,252.0786,41.411733,1.5501,3.312518,3.358913,4.219187,5.990572
1237671934429954516,2.359696,252.0786,41.411733,1.36832,3.122493,3.162232,3.853915,5.619185
1237661850947354786,2.359696,228.38013,35.808051,6.679999,11.07754,12.24361,11.16134,12.36732
1237678905698287790,2.359696,335.70829,7.9519451,5.563396,9.865117,10.23442,10.88943,13.66716
1237654669198754033,2.359696,150.01855,-0.77656619,1.838191,3.829694,4.591721,4.132157,4.552348
1237660764830433921,2.370544,115.7122,19.551811,5.014502,8.505846,11.19067,12.10278,14.13583
1237654599956103586,2.370544,157.63908,3.2546152,2.020431,3.478611,4.754769,5.210408,7.599074
1237654599956103586,2.370544,157.63908,3.2546152,1.584565,2.670372,3.418154,4.003793,5.143749
1237673310430953956,2.370544,121.03862,42.456991,1.066469,2.922755,3.515766,3.974329,5.87499
1237671939797483653,2.370544,227.26124,57.498266,7.131516,11.87029,11.4574,11.32607,12.80423
1237661385994994099,2.370544,215.53383,52.485736,0.9052317,1.734771,1.459793,1.533846,2.318867
1237680272040067394,2.386102,342.15526,20.715879,14.19479,25.44538,35.60115,38.68573,45.32047
1237667254003958122,2.386102,154.3963,26.274178,2.705978,4.320243,4.272583,4.237488,4.872411
1237650371546906751,2.386102,160.01657,-1.4651451,6.488076,14.97989,17.60214,21.3713,30.75772
1237662238013522144,2.386102,208.72456,9.5058743,5.938292,5.713644,5.712949,6.00233,8.415067
1237649918433755362,2.386102,26.437401,12.922548,3.032096,4.740767,9.224442,10.05935,10.25171
1237668349745955178,2.388673,213.50933,15.677411,2.938228,5.594556,4.365288,4.604607,6.410375
1237671931209384248,2.388673,164.79072,9.3155522,1.476244,4.221161,3.921294,4.161714,5.461283
1237658491736359327,2.388673,165.91137,8.6836577,4.590745,13.46927,16.75055,16.9388,22.26684
1237659120932684246,2.388673,212.84327,52.698446,0.5198475,1.688902,3.017369,3.73422,4.73991
1237680247344923159,2.392345,344.56084,19.601921,1.56765,2.576436,3.932975,4.792338,6.07142
1237680332718473819,2.392345,12.059083,29.823784,0.8255019,2.055063,2.676418,2.924417,3.890306
1237665127988723836,2.392345,137.47243,24.88414,10.50737,23.20031,43.69985,57.98762,81.42962
1237651495220478384,2.392345,119.62771,44.242091,1.003978,2.609732,3.707369,3.674415,4.229485
1237678859526735384,2.392345,316.81322,8.7480477,2.038479,4.812817,5.971531,8.6948,14.10381
1237659154218942976,2.393126,248.50905,33.009211,5.182473,5.644493,5.960631,5.028599,4.959008
1237661872954999095,2.393126,227.94999,36.332702,10.94292,13.57471,18.14363,19.40309,22.01287
1237661382771016098,2.393126,142.45165,33.611367,1.849456,1.495457,1.325111,0.8299258,0.0225419
1237655107307897118,2.393126,200.99186,58.193584,0.5899372,1.975842,2.045025,2.142644,2.282172
1237678906789134738,2.395471,15.30099,9.9190543,0.6535726,1.9638,3.397871,4.297071,7.325362
1237678776860868866,2.395471,344.72918,4.234721,3.080738,1.20478,0.1712418,3.555609,5.367072
1237658203431698763,2.395471,164.37367,47.179134,1.209433,0.8978238,0.9143188,1.018115,0.7165232
1237660635465777282,2.395471,179.99189,47.195661,8.754993,10.66847,12.70353,12.52826,15.31355
1237658609294246497,2.395471,183.65091,62.425675,0.08386527,1.654431,1.300366,1.202438,1.19207
1237678880465748507,2.397817,318.84855,-1.882094,4.192724,7.769745,8.2698,8.403882,9.944154
1237678776867291336,2.397817,359.45228,4.4301786,2.775548,2.944131,3.373363,3.227598,5.391278
1237679436132319431,2.397817,7.34993789999999,-1.5265035,3.552886,6.027328,7.229195,6.435524,7.973299
1237664289397276767,2.397817,198.44214,13.612677,4.995857,7.435847,8.375041,8.581858,9.416149
1237678790280872335,2.397817,26.787395,25.682837,2.584665,1.446091,1.328093,1.165783,2.364348
1237654381980746067,2.397817,146.84894,56.240115,2.595194,2.174226,1.928845,2.057353,2.596943
1237650370471723243,2.408186,156.68853,-2.3502114,12.10555,16.86959,14.73416,13.53345,15.05185
1237655126620307720,2.408186,185.5866,6.0364309,6.986017,12.48068,12.21432,11.79397,13.4264
1237655504033219316,2.408186,254.47792,38.383445,5.684075,8.561313,9.044245,8.705009,9.834384
1237656242777751886,2.408186,348.22985,15.028787,0.9225217,2.359125,3.760144,3.310283,5.790804
1237661353776840975,2.411144,167.29052,56.687868,0.7383803,2.393698,2.973831,3.38969,5.454321
1237665226769367244,2.411144,187.06972,32.480315,2.48441,4.610335,4.908618,5.54643,7.679579
1237678806918365712,2.411144,15.807249,33.969784,0.7927682,2.138343,2.361844,2.341316,2.715142
1237657627918663886,2.411144,185.16882,51.44739,2.870481,5.47381,6.095596,7.348063,10.85739
1237665129616507092,2.4261,181.66325,35.838855,1.977342,3.740562,4.604183,5.309794,8.43474
1237667736124129706,2.4261,196.60126,22.90673,4.992184,8.277369,10.83226,14.97188,24.77225
1237656496185737874,2.4261,356.0415,15.26963,1.960209,3.15439,4.050603,4.004987,4.046762
1237659149388349692,2.4261,230.82964,49.846607,3.28585,3.438782,3.299435,2.856922,3.369716
1237650371020915359,2.428467,184.85561,-2.1229705,1.400903,1.388018,1.193835,1.015744,1.549817
1237680092723020250,2.428467,336.95094,16.112727,-0.4027399,3.061432,4.668742,5.044432,5.794857
1237658312944845115,2.428467,202.22308,59.658379,2.90847,4.021866,5.186024,5.05763,5.280839
1237680276872167648,2.428467,4.24156040000003,27.62566,1.443714,1.731886,1.647343,1.79294,2.534426
1237666407918403961,2.428467,29.40412,-0.13856675,1.454897,3.755429,6.55827,8.078413,11.82416
1237661957219811650,2.428467,197.12493,50.743584,1.043223,2.54335,2.625255,3.211948,5.041373
1237678661427004073,2.431626,6.93481789999998,4.6601673,3.043656,3.037595,3.00045,2.745676,3.598425
1237662238553538962,2.431626,216.02109,9.2321402,2.5685,5.191849,5.439555,5.644912,6.909757
1237662662684573843,2.431626,248.98191,20.084502,2.945708,3.229391,3.366477,3.825012,5.443046
1237663480336941395,2.431626,343.36473,0.92431384,3.834514,6.254461,7.453018,7.839706,10.70362
1237666215142949012,2.439537,17.507183,12.750839,15.62759,20.74158,25.53593,25.20256,28.18668
1237668332573098477,2.439537,239.21533,10.714112,7.617145,9.725572,11.59091,11.30899,13.31618
1237667914344956222,2.439537,180.93354,19.032561,1.669251,3.060532,2.705326,2.795138,4.274312
1237665548354060952,2.439537,217.81378,22.940358,1.493612,2.631541,2.324345,2.385903,3.60172
1237679319626482115,2.440329,0.667238899999973,10.692772,1.784812,3.385279,4.06711,4.929143,7.467301
1237655465385001313,2.440329,211.96155,60.188052,4.734138,4.478428,6.756786,7.634575,9.140558
1237667442973343876,2.440329,190.84015,27.270964,6.282357,8.740751,10.34588,10.93345,14.87947
1237662194538250451,2.440329,219.34407,37.013095,0.8823575,1.636997,2.099036,2.308342,3.014121
1237665564993913152,2.452994,208.23067,22.284333,5.645807,8.51457,8.30135,8.508715,11.18893
1237667486456676464,2.452994,139.42146,18.349104,11.86288,15.11998,16.15165,15.60133,18.36955
1237678617404375896,2.452994,329.27156,0.79505359,0.6421498,0.9851518,0.9635772,0.7641317,1.161115
1237667781739217639,2.452994,133.22216,13.679725,0.9148381,2.115893,2.226621,2.347283,4.692008
1237666215144259907,2.464176,17.739307,15.71355,3.630209,6.187913,8.218575,8.34101,10.32195
1237664814988263719,2.464176,205.28229,5.0707108,1.648298,2.999423,3.360327,3.236426,3.943084
1237680075545444756,2.464176,28.663367,25.927452,2.900004,4.026665,6.255858,7.268215,9.740897
1237663239272268144,2.464176,41.955066,0.63005368,2.510089,3.393796,4.433179,4.669164,5.678425
1237663918414692569,2.468966,120.20055,55.394476,9.129722,13.07626,17.90276,20.73715,26.36088
1237658611439567374,2.468966,155.20932,44.80664,2.465115,1.193024,1.505397,1.602863,2.22053
1237653616933929005,2.468966,159.61986,59.178351,6.579388,9.4588,11.10999,11.14486,11.9237
1237680247344202334,2.468966,342.83282,19.470073,1.586817,2.246213,2.684906,2.472812,2.45713
1237662307816964403,2.475362,253.85491,19.617974,5.598425,8.23331,10.66964,10.82928,12.26338
1237665128000323804,2.475362,166.422,33.171356,1.14674,1.405838,1.844957,1.918559,2.310878
1237680326804636299,2.475362,347.01949,30.027808,4.093277,6.382596,8.073412,8.268626,9.243588
1237661388142739829,2.475362,217.60519,53.81371,3.835135,2.803178,2.926502,3.153438,5.041248
1237663917340492303,2.498646,120.48493,54.15948,4.898019,6.795068,9.92919,9.380791,10.54833
1237664291550003512,2.498646,210.86139,14.239293,2.187972,4.723178,5.055099,5.309788,6.514603
1237666434187657724,2.498646,334.07778,22.112158,11.08635,12.26958,15.55822,14.76096,16.56214
1237661387067687016,2.498646,212.26729,54.17326,19.56764,29.9958,41.16639,44.44725,53.4595
1237679438275281565,2.499452,29.663923,-7.5349715,1.429273,1.574861,1.741327,1.320957,1.360956
1237657630602821910,2.499452,184.54528,53.516096,3.056209,3.791471,4.343811,3.98323,5.293512
1237667111182926193,2.499452,135.51924,21.308335,6.455745,9.337022,12.55893,12.11235,13.4466
1237678860084183056,2.499452,4.56718160000003,13.140008,27.26423,35.66327,40.23556,40.30816,46.64706
1237661388684460571,2.499452,232.64545,47.966596,1.59867,3.419589,3.391762,2.742534,3.361919
1237667321643204836,2.505097,176.9516,26.07436,5.60216,6.845478,8.046805,7.435145,8.574718
1237653612647219496,2.505097,138.3048,52.111356,0.7551255,2.957744,4.2185,4.219994,3.794145
1237661433779978552,2.505097,212.26367,43.556646,-0.1750305,2.399705,3.318268,3.584284,4.578116
1237661871326167065,2.505097,173.49183,43.350895,44.04702,44.80759,46.71688,44.44724,45.81838
1237651250950504620,2.507519,135.45884,54.140832,4.58878,5.554389,6.394526,7.96109,11.7531
1237661362371035308,2.507519,200.05702,47.00037,2.483665,7.177302,7.976842,7.841976,9.261122
1237671140936253659,2.507519,167.53471,-15.840871,5.077215,7.989943,9.500739,9.266784,10.56081
1237655468060246513,2.507519,224.28225,1.1544297,2.665354,4.052639,8.716398,11.73952,14.35335
1237663783663501616,2.52858,6.82047779999999,-0.29058762,2.301946,3.775549,3.880471,3.264711,7.007539
1237667255624728891,2.52858,180.52883,31.107151,2.534136,1.745494,1.842466,1.808173,2.186928
1237665565541597467,2.52858,233.79569,16.587226,1.269989,1.503759,2.148923,2.157702,3.340609
1237655499201511547,2.52858,204.04436,-1.9513952,9.319292,14.63467,17.74627,19.28345,26.47311
1237657069553123640,2.532645,37.994141,-0.95364687,4.459766,5.722413,7.209836,7.30769,6.270955
1237680066953085107,2.532645,333.02616,-3.4421617,4.227136,8.901116,12.45233,13.22526,17.06292
1237667292656828683,2.532645,149.15298,22.493858,4.351931,2.014347,1.544852,0.9235284,0.4373154
1237667444578910289,2.532645,177.73041,28.392116,5.400087,7.37594,8.284153,8.47543,10.05188
1237680477654810869,2.532645,355.7942,31.598671,30.47329,36.71091,39.76446,36.12576,33.5903
1237657630589714585,2.536715,140.48612,44.035918,6.688229,10.73379,13.22325,13.18751,14.66239
1237649921117585432,2.536715,25.357502,15.105853,1.33567,3.016954,3.386554,3.249361,4.79489
1237667293187801459,2.536715,135.30358,18.757729,3.629241,6.298924,11.21269,15.5966,23.43198
1237665097922642083,2.536715,133.29042,23.415112,12.82081,14.96503,12.04515,9.588167,9.768175
1237671935506776931,2.537529,257.5084,35.786167,2.253229,2.333401,2.754344,2.780015,3.171848
1237669772448891016,2.537529,31.474003,-5.1094306,8.306003,15.22346,18.15434,17.41595,21.43948
1237678585185698233,2.537529,25.541269,24.231899,3.83195,5.867698,6.405601,5.985785,6.153072
1237665129074196702,2.537529,166.61014,34.092358,1.75857,2.020052,2.701819,2.497487,2.777039
1237678918056870379,2.558771,359.37344,11.270575,1.853408,1.655701,2.043778,2.440526,2.589286
1237661465449922960,2.558771,237.10964,34.734979,1.973044,1.551233,2.204767,2.189355,2.680954
1237662474233250180,2.558771,247.94255,28.51511,4.729765,7.988601,11.5988,14.30725,18.35948
1237663542604334029,2.558771,319.14291,-0.53551768,1.560023,2.290238,2.885079,2.908171,2.559744
1237653664182829322,2.55959,144.80656,1.4589662,4.331114,5.371984,6.144864,5.362953,6.861443
1237664673258668138,2.55959,211.72435,34.560381,14.71455,26.42267,37.28466,44.40338,61.76447
1237651539797082487,2.55959,236.92281,57.093865,2.893555,2.934204,3.655008,3.842511,5.644289
1237680241457037387,2.55959,15.218636,-8.1104996,7.956369,6.893775,8.580098,9.158605,12.1012
1237679440424927701,2.55959,34.493154,-5.6500794,0.8853796,2.681264,4.004359,4.928685,6.767062
1237680505042371583,2.563691,339.58986,33.04165,1.778366,3.993322,4.773065,5.006746,6.483412
1237651754551476687,2.563691,189.85366,2.9512884,1.627199,5.519701,11.27678,14.50091,19.99832
1237658192147513546,2.563691,125.16194,31.007412,21.00966,25.88183,26.2684,27.36747,34.22007
1237662306187673791,2.563691,209.85127,39.470653,12.30391,15.34895,15.27292,13.6844,15.26952
1237678889056076018,2.563691,21.970163,-2.7185811,1.76945,2.807315,2.27845,2.679156,2.68294
1237665355082236154,2.565332,245.85315,33.180498,24.07084,57.82663,81.27981,113.2462,169.1903
1237661070332461290,2.565332,174.33932,15.323231,3.241496,3.83063,4.576296,5.179695,7.773895
1237665570374877561,2.565332,260.53365,34.255588,11.71734,14.46926,17.04912,18.78709,22.80696
1237662301903126793,2.565332,229.24116,42.820176,0.5843038,2.416286,3.831535,4.382524,6.195541
1237658298994197308,2.579316,151.76189,5.9209322,0.9206805,1.541385,1.897318,2.48957,2.503103
1237665442052112921,2.579316,193.53694,29.757623,2.800801,2.825078,3.318814,3.265142,2.897521
1237680241457037387,2.579316,15.218636,-8.1104996,8.383567,7.08859,7.674024,8.820085,15.5642
1237662306740535800,2.579316,248.21229,22.672113,5.474798,10.06537,10.72077,10.32981,11.48086
1237657591929504030,2.58014,166.82299,54.837156,0.9795003,2.510129,3.112727,2.94265,2.939671
1237659131672723767,2.58014,219.39787,49.165718,2.778134,3.740644,4.367297,4.376686,5.583209
1237679478553051405,2.58014,22.245312,22.373695,1.908326,3.027053,3.879768,3.896713,4.830387
1237659162816872820,2.58014,251.54595,32.299242,7.169222,11.60551,14.65517,15.13172,18.15112
1237678879939232163,2.58014,342.45518,-2.9287607,1.375717,1.949456,2.607823,2.909427,3.635201
1237657776075375101,2.592527,124.82269,33.906059,-0.3924447,0.8508511,0.8075179,0.6535323,1.178818
1237680070177390893,2.592527,24.845533,23.583122,2.445337,3.837947,5.267327,6.416986,9.326539
1237661871341306014,2.592527,219.29368,38.389184,15.35724,22.07649,28.10091,34.35187,45.25346
1237665571441541606,2.592527,251.55085,48.877838,4.816628,8.234375,10.84551,11.01419,14.15782
1237678876708242585,2.593354,318.75099,8.905677,3.061328,6.319684,9.928506,11.39071,15.41468
1237678881025688109,2.593354,11.555991,-2.1906678,3.463067,4.480392,4.764915,4.34952,4.516055
1237678617434587261,2.593354,38.291074,0.84054834,8.667521,10.21651,9.391126,8.911687,11.13495
1237661139030704360,2.593354,145.34672,36.1166,3.576966,3.78221,4.094304,4.151132,5.395152
1237651754554294469,2.608278,196.27373,3.0547263,7.375863,24.6676,37.37266,47.09203,60.50335
1237678881567211805,2.608278,22.218776,-1.6356106,2.832189,3.332086,4.451847,5.591435,6.27017
1237668727161749852,2.608278,258.3637,44.37103,12.01101,27.11454,31.8185,39.16766,60.41866
1237680277945712968,2.608278,3.66838819999998,28.355114,7.46423,14.38299,20.60871,24.02642,24.42997
1237666301627072636,2.611603,45.131424,0.64229,23.06317,29.80733,40.72554,45.03927,49.03752
1237663784213676145,2.611603,37.15037,0.16089822,30.92018,37.1256,40.9924,41.81208,46.47446
1237663784213676145,2.611603,37.15037,0.16089822,27.64589,33.78585,39.23678,42.35263,47.87234
1237663784213676145,2.611603,37.15037,0.16089822,43.03072,40.80449,34.07608,28.32241,26.29826
1237663784213676145,2.612435,37.15037,0.16089822,21.48005,38.27455,51.84128,60.6482,72.59256
1237663784213676145,2.612435,37.15037,0.16089822,23.89954,31.51222,41.59414,47.119,56.30188
1237663784213676145,2.612435,37.15037,0.16089822,18.27688,33.58318,43.68504,47.20653,54.12132
1237648722312102122,2.612435,197.45484,0.81112098,19.14464,27.03854,29.60596,29.6833,32.25795
1237651752388395245,2.619095,154.09319,0.91155859,1.520501,3.447462,4.163314,3.857843,3.829523
1237668584359723291,2.619095,170.39388,16.114216,5.791475,6.494692,8.91125,9.803303,11.43096
1237665016311120185,2.619095,161.51422,32.562709,5.487488,7.51267,8.199753,7.677753,8.624148
1237680243063521390,2.619095,5.72170019999999,-6.8905301,10.97282,13.76659,14.29125,12.09451,13.28722
1237657401347080469,2.619095,142.76153,46.403659,10.50756,17.14537,25.31392,35.1491,50.6737
1237679322856161663,2.629109,23.127037,-5.0022252,7.996483,11.22483,11.67226,9.288418,6.272961
1237679319627727468,2.629109,3.52950900000002,10.648865,2.429307,2.235336,2.435499,2.330929,2.058544
1237680305324491517,2.629109,337.57752,23.898894,8.802775,2.51138,3.86847,3.956348,6.966647
1237665428091044136,2.629109,198.25093,28.817812,2.569921,3.741697,4.957384,5.757867,6.794763
1237679006095900920,2.629109,349.39166,5.2501991,3.759471,6.102311,8.135309,8.665297,8.932497
1237662225682727124,2.629109,198.68305,39.707899,3.408829,2.273494,2.392184,1.978976,2.26131
1237678660900487340,2.636637,30.569667,3.8390204,4.649723,6.20038,8.611716,9.791979,11.92879
1237658493343040194,2.636637,156.77112,9.3547984,0.8756675,1.74028,2.267405,2.187478,2.901635
1237661388678496481,2.636637,214.03383,55.153322,8.31471,11.7474,13.95433,14.54126,16.64917
1237657590319481068,2.636637,169.62621,53.996519,5.275365,3.574661,4.18231,4.533243,5.604502
1237651539798655274,2.638313,241.16858,54.468715,8.729285,9.975778,9.190206,7.4333,7.1283
1237661958834815228,2.638313,212.92712,49.241713,3.201155,2.824606,3.216875,3.469349,4.048688
1237659936437764933,2.638313,4.46625599999999,35.573467,-0.001585491,1.313483,2.171145,2.972713,4.05559
1237657630049042872,2.638313,131.60267,38.449337,0.8801438,1.283533,2.080736,2.361296,2.626793
1237661361302143153,2.645021,214.92516,43.029498,3.55989,4.9631,5.552755,5.648655,6.191909
1237678920198848913,2.645021,346.39934,12.44361,2.259122,2.58074,2.727705,2.823055,2.707114
1237680326801031978,2.645021,337.88945,28.321239,4.778571,6.476039,9.177656,11.73105,12.95578
1237665129616900365,2.645021,182.75207,36.009561,3.220235,3.334293,3.794683,4.085105,5.325114
1237678595940483345,2.654265,354.25515,1.4924455,4.562056,6.841679,7.71025,8.220725,13.60932
1237678617950880033,2.654265,351.21525,1.7277068,3.714388,4.57467,4.891921,4.239753,4.814236
1237678860621447420,2.654265,5.49184489999999,13.554442,3.592176,6.0486,8.223845,9.741246,11.17708
1237672796106981935,2.654265,1.99401519999998,-4.6197557,1.519692,2.755235,3.74171,4.004214,4.411806
1237651252580122969,2.65679,222.06086,61.125153,2.494701,5.953539,8.892978,10.0882,11.21379
1237661433236226247,2.65679,190.30729,46.34655,1.612076,2.130901,2.705256,3.412024,3.939027
1237661872933240920,2.65679,162.26273,42.757639,4.438923,9.472784,13.06111,13.99379,15.67697
1237666407382385054,2.65679,31.251382,-0.48403863,0.4866282,1.119518,2.216103,3.02098,4.013691
1237662306190098670,2.68553,216.4801,37.650199,6.974213,11.29292,16.28948,21.55475,25.52129
1237661951338021182,2.68553,207.82617,12.707563,2.178808,2.720264,3.696845,4.160759,5.653838
1237680305858937288,2.68553,331.62327,22.95632,9.038175,13.63696,17.72154,20.61055,25.84988
1237659326026285648,2.68553,240.79924,44.774373,3.439057,3.810839,4.164699,4.048009,3.56691
1237654390570811731,2.686379,129.51285,47.307595,4.366932,5.595571,6.686368,7.914649,10.8992
1237668298220699829,2.686379,224.62924,15.710494,5.209358,8.927462,10.69067,11.69958,12.43818
1237678920740831394,2.686379,358.41917,13.418612,6.314183,10.78141,12.84772,14.78473,16.96626
1237664852569686117,2.686379,213.29414,33.477718,16.77991,19.6841,20.09491,19.93416,21.41969
1237669681720459799,2.689776,350.04557,8.0766213,2.153414,3.382643,4.90914,6.286969,7.494769
1237673807580627672,2.689776,120.17738,17.907794,3.0705,6.768524,9.966822,11.06107,12.47511
1237661068167479877,2.689776,133.96162,8.4468916,1.000969,2.460241,3.585199,4.279765,6.528496
1237662530061533443,2.689776,203.46429,14.453263,7.285642,10.6651,15.80766,17.51913,17.95807
1237666186169942382,2.709369,332.95749,11.308841,6.668013,9.80999,11.11677,12.03284,12.55235
1237663786883416244,2.709369,124.0818,55.303243,14.22829,23.36551,26.71004,27.25246,30.55413
1237659163351056678,2.709369,246.94334,37.119552,8.931602,14.07356,17.12852,18.36992,20.85147
1237667782812566361,2.709369,132.0992,14.153297,1.052107,4.665582,11.04545,16.72045,22.14888
1237663784209285499,2.71792,27.104238,0.044305808,1.897261,1.672385,1.860974,1.541173,1.299147
1237658304886341885,2.71792,147.32222,55.227997,2.04136,3.461787,4.684773,4.094193,4.388118
1237661872948052323,2.71792,208.95926,42.463093,2.286639,3.177729,4.112196,4.292145,4.652059
1237662534359712350,2.71792,236.18391,9.7236109,2.360841,3.698059,4.106743,6.114562,8.46679
1237667211064639617,2.733361,180.61793,29.681849,11.10797,19.06881,20.55601,23.28283,28.74001
1237660339089965362,2.733361,44.008602,-0.011792,1.049802,3.974114,8.207288,10.52607,11.19816
1237678617942622882,2.733361,332.4392,1.4480497,2.693441,2.979877,3.235965,3.604085,3.600923
1237679005559292381,2.733361,349.93317,4.9610369,3.231923,5.832308,7.767111,7.915939,8.330572
1237665534928421014,2.751457,233.91822,21.643496,6.840345,12.00062,15.52146,14.78771,18.12359
1237654880733758203,2.751457,207.55354,4.9724077,0.392286,1.203846,1.719269,1.604481,1.574336
1237672765515629057,2.751457,348.59403,21.838787,0.2683548,1.204884,2.360056,3.237362,3.996302
1237680305867653649,2.751457,353.19929,26.450611,4.948988,7.883258,10.78902,11.46878,12.83154
1237658204508258578,2.865449,173.63031,49.297544,0.9005171,1.513303,1.303945,1.650478,1.965691
1237658304889225475,2.865449,158.00408,58.244434,4.135042,6.383176,8.848547,10.57397,10.10433
1237666216217543165,2.865449,16.758726,14.816729,2.186624,3.193867,4.090663,3.911159,2.90933
1237662335714722059,2.865449,231.53632,36.11292,0.927852,2.016535,2.139899,2.039966,1.952316
1237668273513627915,2.887765,213.57158,18.856017,7.077775,14.06751,21.21536,27.46492,31.1023
1237669697303478459,2.887765,345.5889,6.5495002,5.302544,7.048489,8.488528,9.719277,11.22946
1237648721228005572,2.887765,173.83499,-0.18154604,6.218936,21.05133,39.43182,49.80099,49.56514
1237662684682715379,2.887765,216.12964,33.399358,10.21654,19.26189,24.02723,27.18433,27.174
1237661386531602903,2.898522,214.8211,53.129061,1.257163,1.379029,2.350249,3.534272,4.06541
1237661386531602903,2.898522,214.8211,53.129061,1.787871,1.605277,2.664781,3.732877,3.758311
1237661386531602903,2.898522,214.8211,53.129061,0.458817,0.8712883,1.564349,2.058939,2.106625
1237661386531602903,2.898522,214.8211,53.129061,1.354453,1.158863,2.165415,3.141591,3.192172
1237671267107799661,2.90571,190.71269,1.1714914,2.367934,3.866483,4.556996,4.434411,3.447043
1237661816562122878,2.90571,196.83041,11.871908,7.951724,14.70132,18.8971,19.90713,19.56888
1237667911128580204,2.90571,181.08416,24.72181,5.43998,10.932,15.36458,17.14254,17.59667
1237666340797349928,2.90571,11.556424,1.073816,32.10621,43.11269,56.85895,65.54267,81.22026
1237651539799965916,2.90661,244.36599,52.08529,5.824458,10.53333,12.1518,12.24198,12.68076
1237661812266041857,2.90661,164.45204,11.4756,0.3179818,5.168871,6.800171,6.427046,6.83571
1237663785284600084,2.90661,30.718511,0.852173,5.134044,6.447379,7.927822,8.919143,9.167628
1237668706760918076,2.90661,250.75514,14.346156,0.8083161,2.060448,2.669451,2.512738,2.545741
1237657590855762102,2.914714,167.36536,54.004347,19.54288,33.72281,41.52188,42.09946,41.42449
1237655464848589091,2.914714,213.50359,59.566513,2.795402,6.471752,9.356986,10.67359,11.07269
1237651274032677026,2.914714,122.40252,49.645356,3.597221,7.295597,9.082384,10.45595,10.0263
1237667910067159605,2.914714,211.58371,21.416043,1.160906,4.884552,7.545296,9.635579,10.5075
1237661417139339421,2.94639,214.85187,53.387655,1.503785,1.327878,1.721133,1.661954,1.458504
1237679439351120054,2.94639,34.341011,-6.5275673,3.516844,8.206126,9.843038,9.276629,7.994387
1237661086951998977,2.94639,115.88429,18.26811,0.6742816,3.614582,5.208006,5.577865,6.087415
1237663547437613537,2.94639,120.96516,50.054966,0.705076,4.387258,7.420096,12.2958,15.67681
1237674289682318038,2.978323,119.58874,33.927263,3.814211,4.732889,6.211584,6.538617,6.414199
1237654881798455738,2.978323,186.74376,6.0976947,1.891542,4.270337,5.446818,5.167361,5.564002
1237671261204185316,2.978323,145.99242,13.703395,5.650088,11.20419,14.49473,16.74521,18.32248
1237664672713277646,2.978323,187.97844,37.06215,3.813533,6.153554,7.044559,6.894095,6.234197
1237657630579688090,2.994846,118.60864,29.075804,2.400007,5.568737,6.85856,7.284218,6.899582
1237650795145790148,2.994846,145.12545,-0.75834816,1.759585,5.799799,9.547855,11.12675,12.05127
1237652943699378479,2.994846,329.89981,12.7054,3.67699,8.396026,14.59755,16.50601,21.07379
1237661971186844211,2.994846,187.94287,7.1869308,1.148081,2.956392,4.696157,5.960842,6.583528
1237655468060574657,2.994846,225.1224,1.2041837,0.8261344,3.428886,3.881024,3.726774,6.462988
1237657770702864566,2.994846,131.03458,42.540807,15.88316,24.60673,31.95797,39.73305,41.95444
1237667736105975965,2.994846,151.95209,19.872666,8.697102,26.90342,39.53513,38.20465,37.32913
1237656567580984366,3.003133,325.78051,-0.69446726,1.85353,9.880279,15.33808,17.37436,18.76468
1237657189835080301,3.003133,8.27308799999997,-1.0201264,1.233875,2.668276,4.180787,4.528421,4.355358
1237664853651489256,3.003133,233.48296,27.400478,3.460929,5.588181,5.702269,5.730397,5.493902
1237662198290253018,3.003133,242.75561,6.0307153,2.357332,3.914333,5.684416,7.119859,9.460697
1237663784749957251,3.016058,35.907335,0.54184802,3.311854,8.785885,12.41268,14.72628,14.27007
1237656567047389851,3.016058,333.23436,-1.1810154,1.007618,2.931909,4.166007,5.358092,6.240622
1237658299520189722,3.016058,126.86694,4.0498129,1.612881,4.774112,6.522403,7.222541,9.056025
1237661434320323289,3.016058,222.26903,40.764471,1.719245,3.785198,5.437732,6.795322,8.662517
1237667781213684397,3.064433,159.68563,19.250323,-2.878699,0.7755077,1.149079,1.491461,0.7514777
1237651250947096920,3.064433,126.73441,48.424148,1.399021,4.34254,6.40412,7.173245,7.933658
1237665442062729314,3.064433,220.43423,25.3052,11.74485,19.58224,25.43324,27.31957,26.96702
1237661434848936844,3.064433,197.56134,47.211067,1.335492,2.325831,3.337634,3.307868,3.324462
1237678854161039815,3.082254,324.0879,7.1439723,2.996766,12.65296,20.18112,22.04352,20.67089
1237665227846123880,3.082254,195.26423,32.758162,1.38141,3.075668,4.403096,6.576272,9.191471
1237661358082097475,3.082254,187.75711,47.948188,0.4897034,1.89108,3.589681,4.332412,4.911201
1237666275273474511,3.082254,15.792656,24.775946,2.105612,2.296946,3.498149,4.220556,3.457074
1237662226211995868,3.082254,176.03462,40.53908,5.855262,7.802444,10.15933,11.18949,10.81299
1237661385993879682,3.111497,211.62822,53.464791,-0.1670957,1.197649,1.837661,1.795526,1.21114
1237660765910663285,3.111497,127.69162,29.552495,4.143069,10.2517,16.16547,20.31471,19.57242
1237657595683144530,3.111497,116.53285,31.061476,1.122398,2.547055,3.177579,2.391593,0.6661259
1237679581083533683,3.111497,26.973798,30.578651,0.007655106,2.751137,3.604579,6.00204,7.880174
1237657857678114880,3.115286,159.73905,50.452217,6.039733,22.10962,30.34597,32.01739,33.39922
1237651754549510268,3.115286,185.26753,3.058697,7.907032,19.19834,20.53302,18.10407,17.18333
1237678619035435907,3.115286,16.046366,2.5745463,0.7839895,2.299667,3.372937,3.512254,3.232127
1237659133817651474,3.115286,211.80668,53.033561,0.9989325,5.997253,7.752985,7.611764,8.7844
1237659133817651474,3.115286,211.80668,53.033561,0.8624789,5.427365,6.801127,6.453271,6.117878
1237658802029724007,3.151452,154.06602,50.920605,0.9180219,4.837486,6.595081,6.540043,6.937056
1237667212676170532,3.151452,183.04187,31.023858,2.352156,5.07397,6.737228,7.176105,7.528779
1237669762791376360,3.151452,322.67815,5.7437528,2.362105,5.739731,8.468599,10.02397,11.02626
1237661849849823370,3.151452,157.4747,40.669993,8.029447,18.22862,27.77054,33.89941,36.21032
1237664878881538719,3.165815,155.79791,33.812646,0.4984574,1.650283,2.572661,2.353583,2.143003
1237651537629610148,3.165815,142.20496,59.224387,2.254062,17.17235,25.68043,32.96946,26.07257
1237665129622733538,3.165815,199.21394,35.194418,-0.4274087,2.678058,3.53686,3.745647,4.44603
1237654653634019613,3.165815,118.18251,35.553096,5.863276,17.29518,24.04349,26.9792,27.76267
1237665128001896719,3.165815,170.62996,33.74194,-0.2965144,3.786581,5.19355,5.944825,5.923236
1237663783126106732,3.165815,5.59117709999998,-0.74862689,1.470686,7.049827,10.57832,11.74653,11.22005
1237665566078469009,3.168694,233.96153,16.905943,0.9929068,3.22851,5.516877,7.036626,8.058834
1237651192423253050,3.168694,114.08257,36.821293,3.597211,5.833449,6.595932,6.095942,1.640949
1237664292082680430,3.168694,201.04712,15.532534,0.4668579,1.831197,2.657886,3.464417,3.753496
1237651272441594283,3.168694,208.44356,65.347637,0.8691893,3.638335,6.348355,10.72259,11.43563
1237660413725966829,3.203393,143.03536,8.5471523,0.1937807,6.879313,10.30398,12.03793,13.84521
1237662662132302288,3.203393,212.9658,35.943004,0.2048389,2.252353,5.625395,7.397963,8.790614
1237662197748007355,3.203393,230.49534,7.7020321,1.78509,7.910127,14.94205,18.06652,19.74607
1237663654805963369,3.203393,110.95893,40.179648,0.3453191,2.223616,3.119213,2.872422,2.587499
1237653652917191014,3.214053,20.134844,15.140371,0.6207132,3.862456,5.223567,5.079886,4.652772
1237655130375848508,3.214053,248.34137,44.969431,0.3803908,3.538226,5.91912,7.236537,8.231361
1237659119862743290,3.214053,224.35571,47.885029,2.067857,14.61673,23.26865,25.75316,27.10633
1237657117873078601,3.214053,128.03718,37.371403,-0.1294676,2.225315,3.612157,3.968135,3.72523
1237657628985328334,3.238381,160.03957,49.33479,0.3625307,2.365165,3.797115,4.541223,5.006182
1237661385994272832,3.238381,213.07552,53.066324,5.015227,11.56501,16.323,18.63451,18.8278
1237679439353413830,3.238381,39.692104,-6.0380302,0.3707481,10.33129,22.30658,34.64473,36.9071
1237657191446020191,3.238381,8.9410876,0.38495328,0.9870102,9.189938,13.72408,14.43192,15.18709
1237661388142411939,3.259906,216.43052,54.105382,18.11213,56.33112,84.47088,107.5826,123.7377
1237655472896606984,3.259906,251.84865,36.473042,1.069452,2.082562,3.242617,3.772312,3.822742
1237660411038466573,3.259906,136.05918,5.6065788,-0.3054928,1.590389,2.632203,3.544088,4.106205
1237667551416418794,3.259906,158.64682,23.417128,0.1504254,3.239989,4.853436,5.314515,6.038237
1237667781238784506,3.259906,220.25332,17.573078,0.07727658,2.590989,3.825703,3.734262,2.659177
1237661434308330124,3.326134,184.98409,47.483395,1.749517,3.779996,5.90707,6.821851,5.986897
1237668311089611391,3.326134,233.27278,13.686225,-0.181649,1.96592,3.404466,4.235945,5.15351
1237667323794030731,3.326134,185.39853,28.103854,-1.897691,8.319533,12.53828,14.1771,14.95152
1237665548351897667,3.326134,212.48773,23.997082,0.987922,11.76762,20.51458,23.75868,25.23894
1237660765909615134,3.354116,125.4662,28.187478,-0.213059,4.272362,7.55198,8.663806,9.184284
1237651272977809669,3.354116,205.18513,66.289522,5.00682,8.83012,11.6965,10.94544,11.47523
1237664668437840013,3.354116,162.36393,37.678576,0.9063353,6.91477,9.946545,9.213501,5.885344
1237660670886937063,3.354116,144.05833,10.014523,0.2856008,3.1645,5.705474,6.665711,9.440183
1237667911130873893,3.354116,186.86471,24.671677,1.689229,4.902078,8.678439,11.27776,11.72483
1237661435921170535,3.355119,192.52976,48.458878,2.770648,35.90029,55.95904,60.70734,66.84582
1237649918435328303,3.355119,30.023606,12.457155,3.9313,9.414175,15.00367,16.0837,17.6066
1237661434851034003,3.355119,204.42476,46.209456,0.4788758,3.022718,5.831958,5.555704,5.220384
1237674367530042402,3.355119,118.66822,34.394313,0.2315723,1.741921,2.848567,2.911429,2.926453
1237667539084313114,3.455536,157.5188,23.470221,-0.2926582,3.951053,7.967655,9.754326,10.99606
1237661387605344791,3.455536,215.47427,53.80941,1.36346,2.178802,3.27263,3.394883,3.239645
1237661387605344791,3.455536,215.47427,53.80941,0.8242031,1.987049,2.944364,2.977706,2.530827
1237661387605344791,3.455536,215.47427,53.80941,0.1372543,1.838662,3.522596,3.921742,3.79377
1237680327873856774,3.455536,335.30445,28.543563,1.393839,2.689395,4.825339,5.894056,6.769327
1237661416065073285,3.741328,212.38179,53.196305,0.05369146,6.534226,20.56822,26.06044,29.40962
1237661416065073285,3.741328,212.38179,53.196305,-0.04059761,6.852865,22.59435,28.84811,33.75409
1237658297915408879,3.741328,140.2095,4.196057,0.2245358,3.241437,9.930715,11.82497,12.50352
1237668331497063043,3.741328,233.79802,11.298464,0.2966232,1.101118,3.801747,4.39275,5.395783
1237678825714090559,7.0094,338.95942,4.9217351,-0.05783637,0.2950765,1.633679,4.65898,4.793896
1237664673795604500,7.0094,212.00184,34.856868,39.28976,74.00085,127.8731,145.2993,152.8502
1237660557598852531,7.0094,69.142847,24.725148,0.124051,0.2836093,0.7336854,2.643807,13.80863
1237660760536253044,7.0094,69.09669,25.775936,-0.05404174,0.3135329,2.304278,6.557446,18.26295
1237651252028833867,7.011245,150.13138,61.267277,-0.3677711,1.230064,3.304859,6.78892,17.80004
1237658302739448314,7.011245,150.79682,54.489897,0.6647555,2.044202,6.470595,12.65191,24.10728
1237672763362312283,7.011245,339.66817,32.644396,-0.03750642,1.760298,13.72879,18.3995,31.45767
1237658187852743617,7.011245,87.195725,0.096052001,0.7766997,0.1322159,0.06215253,0.3917795,-0.2223577
1237646586638828073,7.011245,86.427253,-0.109605,0.1872426,1.729163,6.573291,12.71057,24.61196
0,7.011245,86.560792,-9.295682,0.1329846,0.8048517,4.178107,10.99877,14.58724
0,7.011245,86.644774,-9.165599,0.04537344,0.6322177,4.619686,14.56635,18.68384
0,7.011245,86.434466,-9.814402,0.06172279,0.5342456,3.451356,17.95388,30.31312
0,7.011245,86.062198,-9.383033,0.009942109,0.2862125,2.339944,8.421178,13.35574
0,7.011245,85.849289,-9.886928,0.03433039,0.5328783,3.473697,10.01488,14.50608
0,7.011245,85.648582,-10.078997,0.02920601,1.068324,7.411167,29.12151,49.81863
0,7.011245,84.549971,-8.740579,0.5996916,2.302215,9.230622,11.49343,11.49283
0,7.011245,85.018352,-8.517656,0.1688312,0.9393729,6.007877,17.47201,26.38471
0,7.011245,85.993961,-8.196513,0.07453143,0.7986328,6.082827,18.79662,29.48514
0,7.011245,85.916068,-8.299024,-0.01794799,0.3376971,8.916975,57.05749,125.3289
0,7.011245,86.192244,-8.899796,0.08296898,0.9725836,14.31537,60.59968,103.7759
0,7.011245,86.102396,-9.067542,0.01930913,0.4838794,3.932242,12.92961,22.10904
0,7.011245,86.145578,-8.536747,0.02180127,0.605019,9.156116,38.81839,78.04642
0,7.011245,86.382096,-9.107826,0.3024433,2.386127,22.78086,67.84951,109.3742
0,7.011245,79.900047,2.3877652,-0.2971925,1.750219,11.98353,46.51109,86.93508
1237660557598983016,7.011245,69.490542,24.529519,0.1719481,0.5324471,1.807425,2.473356,187.5902
1237660761610256591,7.011245,69.829318,26.55871,-0.03448039,0.1190315,0.7896402,1.939883,1.285046
1237660761610322909,7.011245,69.979118,26.427955,0.04298174,-0.04760321,-0.3618678,-0.9591745,11.11984
1237660761610256591,7.011245,69.829318,26.55871,0.01992742,0.1925151,0.9315743,-0.2684597,36.0153
1237660559209530286,7.011245,69.343149,25.975321,0.0021388,-0.01596976,-0.2415308,-1.21284,-4.290936
1237660559209857275,7.011245,70.1456,25.834146,0.05873872,0.09946144,0.4288047,0.3137047,1.063948
1237660558672724749,7.011245,69.516371,25.468748,0.1298983,0.2531704,0.975939,2.535068,13.82789
1237660558135919298,7.011245,69.749693,25.137108,-0.04681445,0.6750758,3.056925,6.813658,50.32372
1237660559746860276,7.011245,70.50654,26.247229,0.2456573,0.6054593,1.732232,3.844694,10.10506
1237660761610519570,7.011245,70.582751,26.559426,0.3849005,0.1487705,1.036237,2.482269,6.324641
1237660761610519937,7.011245,70.57895,26.511458,-0.07369765,0.589021,2.643179,5.590205,13.12101
1237660761610585305,7.011245,70.663554,26.379978,-0.2052204,0.6064335,3.397792,8.349112,19.0185
1237660559747057028,7.011245,71.144077,26.336144,-0.2258508,0.4504448,0.9042318,4.476045,27.92593
1237660559747122289,7.011245,71.17708,26.343006,-0.1878339,-0.9202554,-6.228981,-6.074202,-4.661542
1237660559747057028,7.011245,71.144077,26.336144,-0.03215108,-0.3460706,-1.665441,-0.3525273,-0.8311374
1237660559210251487,7.011245,71.283471,25.778475,-0.01179253,0.2414677,1.252201,3.30537,8.507175
1237660760537105407,7.011245,71.368723,25.681645,0.1307572,0.1998414,1.466629,4.916683,15.89977
1237660760537105688,7.011245,71.333506,25.58579,0.07635763,-0.07380503,-0.05037409,0.7467186,1.347578
1237660761074107607,7.011245,71.719911,26.018698,0.001718264,1.403233,4.957996,8.428176,27.78985
1237660761074107607,7.011245,71.719911,26.018698,0.2277201,0.5215119,2.156969,3.866495,10.5073
1237660559210513078,7.011245,71.80128,25.88887,0.3075085,1.255247,5.557085,10.94586,40.77547
1237660761074172850,7.011245,71.76694,25.949827,0.1588877,0.5165131,2.745357,5.972849,18.12035
1237661416602861738,7.011245,215.75778,52.554627,3.50392,1.284333,1.745301,3.065374,6.194862
1237661435386922051,7.011245,201.35786,47.079064,-0.5018114,0.2616342,0.7715213,2.009826,3.5303
1237679478019129360,7.011245,29.336964,20.913979,-0.4220969,1.302427,3.485837,10.26282,10.43172
1237680332702352697,7.011245,330.42876,25.599875,3.560289,3.614337,5.213448,5.75115,13.43381
1237666274198618418,7.011245,13.027719,24.093731,0.3710791,5.272517,27.45853,23.71255,63.87088
1237679435059168113,7.011245,8.79814160000001,-2.3208137,-0.6627181,-0.1678469,0.4968879,2.429008,4.863688
0,7.011245,15.473552,-0.21091219,1.335557,2.001472,4.136117,5.871968,25.75606
1237667549803512158,7.011245,153.45765,21.046882,1.487827,4.006864,5.540525,7.57254,29.17556
1237651715337814387,7.011245,253.68743,41.863435,0.03121022,0.8859789,4.057072,7.722914,15.72895
1237660613435851137,7.011245,167.7071,8.9525583,-0.08564434,1.043067,4.96973,10.14731,19.4236
1237658492275786357,7.011245,171.68815,9.3169468,-0.09744569,-0.1849355,0.7485545,4.730841,8.269614
1237661971727712757,7.011245,197.13899,7.45882,-0.5090059,0.5535539,2.263587,5.221463,16.0177
1237657774462469646,7.011245,121.55301,29.450876,0.3823411,0.2548049,1.080654,3.692493,6.469668
1237665331460899312,7.011245,179.31024,33.369078,3.888739,1.524994,3.755907,5.809917,9.023731
1237662264860345138,7.011245,230.41166,7.9750814,0.3680642,0.1467156,1.052591,5.709156,10.78953
1237671129125945688,7.011245,176.18758,0.74412266,1.656629,1.796821,3.403862,6.867515,12.75242
1237663917334987766,7.011245,111.7892,42.977014,-0.1044586,2.01243,9.31213,14.5671,15.98706
1237651191353246594,7.011245,121.03181,43.526695,-0.03857185,1.126964,4.312068,8.709573,22.9868
1237667429571166657,7.011245,175.48595,26.596875,0.2802043,0.5592315,2.067615,6.424981,14.63607
1237667429571101327,7.011245,175.43418,26.707094,-0.4773827,0.3160506,1.459867,5.806268,10.72774
1237665329317019949,7.011245,189.04288,31.625269,0.8317475,1.154152,4.461076,9.489127,19.08484
1237659145095610718,7.011245,213.22097,56.430441,2.02121,1.407651,3.078314,5.829408,14.03181
1237663547972059884,7.011245,116.36677,45.460774,1.335783,0.7513101,2.92803,2.888437,5.808241
1237661434853721360,7.011245,212.65636,44.38259,-0.4068429,0.1888278,0.987115,4.254335,6.828616
1237678661977112702,7.011245,37.19556,4.374339,6.325998,22.15399,62.45256,85.20343,96.5088
